DienTich,Phongngu,SoTang,PhongTam,GiayTo,Loai_Nhà biệt thự,"Loai_Nhà mặt phố, mặt tiền","Loai_Nhà ngõ, hẻm",Loai_Nhà phố liền kề,USD
67.5,2.0,1.0,2.0,1.0,0.0,1.0,0.0,0.0,220837.0
110.0,2.0,1.0,1.0,1.0,0.0,1.0,0.0,0.0,416625.0
50.0,3.0,2.0,3.0,1.0,0.0,0.0,1.0,0.0,90833.0
140.0,4.0,4.0,5.0,1.0,0.0,1.0,0.0,0.0,479150.0
63.0,10.0,6.0,7.0,1.0,0.0,1.0,0.0,0.0,395824.0
40.0,2.0,1.0,1.0,1.0,0.0,0.0,1.0,0.0,77083.0
100.0,3.0,2.0,2.0,1.0,0.0,1.0,0.0,0.0,156250.0
50.3,3.0,3.0,3.0,1.0,0.0,0.0,1.0,0.0,108334.0
81.0,4.0,3.0,3.0,1.0,0.0,1.0,0.0,0.0,283331.0
84.0,2.0,1.0,1.0,1.0,0.0,0.0,1.0,0.0,78330.0
85.0,2.0,1.0,2.0,1.0,0.0,0.0,1.0,0.0,76677.0
140.0,5.0,3.0,5.0,1.0,0.0,1.0,0.0,0.0,324567.0
50.0,2.0,3.0,2.0,1.0,0.0,1.0,0.0,0.0,500000.0
121.0,3.0,3.0,4.0,1.0,0.0,1.0,0.0,0.0,191230.0
40.0,2.0,2.0,2.0,1.0,0.0,0.0,1.0,0.0,125000.0
82.0,4.0,3.0,5.0,1.0,0.0,1.0,0.0,0.0,283344.0
73.0,3.0,2.0,2.0,1.0,0.0,0.0,0.0,1.0,312501.0
100.0,4.0,3.0,5.0,1.0,0.0,1.0,0.0,0.0,185417.0
100.0,3.0,3.0,4.0,1.0,0.0,1.0,0.0,0.0,162500.0
100.0,3.0,3.0,4.0,1.0,0.0,1.0,0.0,0.0,227083.0
100.0,3.0,3.0,4.0,1.0,0.0,1.0,0.0,0.0,283333.0
88.0,3.0,3.0,4.0,1.0,0.0,1.0,0.0,0.0,208120.0
41.7,3.0,3.0,4.0,1.0,0.0,0.0,1.0,0.0,120826.0
120.0,6.0,4.0,4.0,1.0,0.0,1.0,0.0,0.0,550000.0
70.0,2.0,2.0,2.0,1.0,0.0,0.0,1.0,0.0,158346.0
102.2,3.0,2.0,3.0,1.0,0.0,1.0,0.0,0.0,333342.0
120.0,4.0,4.0,5.0,1.0,0.0,1.0,0.0,0.0,541650.0
63.0,2.0,1.0,1.0,1.0,0.0,1.0,0.0,0.0,133324.0
84.0,2.0,2.0,2.0,1.0,0.0,0.0,1.0,0.0,93345.0
106.0,2.0,1.0,1.0,1.0,0.0,1.0,0.0,0.0,137491.0
37.0,4.0,4.0,3.0,1.0,0.0,0.0,1.0,0.0,107500.0
100.0,4.0,3.0,4.0,1.0,0.0,1.0,0.0,0.0,379167.0
84.0,3.0,2.0,2.0,1.0,0.0,0.0,1.0,0.0,195825.0
120.0,4.0,4.0,4.0,1.0,0.0,0.0,0.0,1.0,583350.0
86.0,3.0,3.0,3.0,1.0,0.0,1.0,0.0,0.0,283334.0
100.0,3.0,3.0,4.0,1.0,0.0,1.0,0.0,0.0,275000.0
108.0,3.0,2.0,2.0,1.0,0.0,1.0,0.0,0.0,237510.0
50.0,3.0,3.0,3.0,1.0,0.0,0.0,1.0,0.0,162500.0
77.0,4.0,4.0,4.0,1.0,0.0,1.0,0.0,0.0,341655.0
104.0,3.0,2.0,2.0,1.0,0.0,1.0,0.0,0.0,83330.0
41.5,2.0,2.0,2.0,1.0,0.0,0.0,1.0,0.0,83329.0
70.0,3.0,2.0,2.0,1.0,0.0,0.0,1.0,0.0,142508.0
50.0,4.0,3.0,3.0,1.0,1.0,0.0,0.0,0.0,162500.0
60.0,2.0,1.0,1.0,1.0,0.0,0.0,0.0,1.0,112500.0
60.0,3.0,2.0,2.0,1.0,0.0,0.0,1.0,0.0,97925.0
45.0,4.0,3.0,3.0,1.0,0.0,0.0,0.0,1.0,187500.0
38.0,2.0,1.0,2.0,1.0,0.0,0.0,1.0,0.0,69999.0
75.0,3.0,3.0,4.0,1.0,0.0,1.0,0.0,0.0,239594.0
82.5,2.0,2.0,2.0,1.0,0.0,0.0,1.0,0.0,104156.0
38.0,2.0,1.0,2.0,1.0,0.0,0.0,1.0,0.0,68748.0
60.0,3.0,1.0,2.0,1.0,0.0,0.0,1.0,0.0,110425.0
57.8,3.0,3.0,4.0,1.0,0.0,0.0,1.0,0.0,162490.0
32.0,2.0,2.0,2.0,1.0,0.0,0.0,1.0,0.0,68747.0
62.0,3.0,3.0,3.0,1.0,0.0,1.0,0.0,0.0,187498.0
55.0,2.0,2.0,2.0,1.0,0.0,0.0,1.0,0.0,133329.0
50.0,4.0,4.0,4.0,1.0,0.0,0.0,1.0,0.0,158333.0
50.0,3.0,3.0,3.0,1.0,0.0,1.0,0.0,0.0,164583.0
52.0,4.0,3.0,4.0,1.0,0.0,0.0,1.0,0.0,187503.0
70.0,3.0,2.0,3.0,1.0,0.0,1.0,0.0,0.0,105846.0
20.0,2.0,2.0,2.0,1.0,0.0,0.0,1.0,0.0,52083.0
100.0,4.0,3.0,4.0,1.0,0.0,1.0,0.0,0.0,283333.0
45.0,4.0,3.0,3.0,1.0,0.0,0.0,1.0,0.0,114581.0
50.0,3.0,3.0,3.0,1.0,0.0,0.0,1.0,0.0,162083.0
102.0,5.0,3.0,3.0,1.0,0.0,1.0,0.0,0.0,354152.0
102.0,7.0,7.0,7.0,1.0,0.0,1.0,0.0,0.0,249985.0
70.0,2.0,2.0,2.0,1.0,0.0,0.0,0.0,1.0,216679.0
60.0,3.0,3.0,3.0,1.0,0.0,0.0,1.0,0.0,166250.0
48.0,2.0,1.0,1.0,1.0,0.0,1.0,0.0,0.0,106260.0
130.0,11.0,7.0,7.0,1.0,0.0,1.0,0.0,0.0,708338.0
70.0,7.0,4.0,7.0,1.0,0.0,1.0,0.0,0.0,300008.0
98.0,4.0,2.0,4.0,1.0,0.0,0.0,1.0,0.0,161251.0
82.0,1.0,1.0,1.0,1.0,0.0,0.0,1.0,0.0,78344.0
61.0,3.0,3.0,4.0,1.0,1.0,0.0,0.0,0.0,133336.0
75.0,3.0,2.0,2.0,1.0,0.0,0.0,1.0,0.0,87500.0
141.0,2.0,2.0,2.0,1.0,0.0,0.0,1.0,0.0,125020.0
50.3,2.0,3.0,2.0,1.0,0.0,0.0,1.0,0.0,166661.0
90.0,3.0,2.0,2.0,1.0,0.0,0.0,1.0,0.0,91650.0
74.0,3.0,2.0,2.0,1.0,0.0,0.0,1.0,0.0,133323.0
55.0,2.0,2.0,2.0,1.0,0.0,0.0,1.0,0.0,106242.0
70.0,4.0,3.0,5.0,1.0,0.0,1.0,0.0,0.0,216679.0
100.0,11.0,6.0,6.0,1.0,0.0,1.0,0.0,0.0,750000.0
75.0,3.0,3.0,4.0,1.0,1.0,0.0,0.0,0.0,220406.0
78.0,2.0,1.0,2.0,1.0,0.0,0.0,1.0,0.0,81250.0
40.0,3.0,3.0,3.0,1.0,0.0,0.0,1.0,0.0,106250.0
50.0,3.0,3.0,4.0,1.0,0.0,0.0,1.0,0.0,107917.0
45.0,3.0,4.0,3.0,1.0,0.0,0.0,1.0,0.0,133331.0
63.0,2.0,2.0,2.0,1.0,0.0,0.0,0.0,1.0,104160.0
58.0,3.0,2.0,2.0,1.0,0.0,0.0,1.0,0.0,120012.0
60.0,4.0,4.0,4.0,1.0,0.0,0.0,1.0,0.0,216675.0
40.0,3.0,3.0,3.0,1.0,0.0,0.0,1.0,0.0,160417.0
52.0,3.0,2.0,3.0,1.0,0.0,0.0,0.0,1.0,102093.0
120.0,2.0,2.0,2.0,1.0,0.0,0.0,1.0,0.0,104150.0
80.0,5.0,3.0,3.0,1.0,0.0,0.0,1.0,0.0,139600.0
50.0,3.0,2.0,3.0,1.0,0.0,0.0,1.0,0.0,91667.0
43.0,5.0,5.0,3.0,1.0,0.0,0.0,1.0,0.0,170835.0
60.0,3.0,3.0,3.0,1.0,0.0,0.0,1.0,0.0,166250.0
75.0,3.0,3.0,4.0,1.0,0.0,1.0,0.0,0.0,200000.0
60.0,3.0,2.0,2.0,1.0,0.0,0.0,1.0,0.0,112075.0
125.0,5.0,3.0,5.0,1.0,0.0,0.0,0.0,1.0,166667.0
75.0,3.0,3.0,4.0,1.0,0.0,1.0,0.0,0.0,220406.0
60.6,2.0,1.0,2.0,1.0,0.0,0.0,1.0,0.0,99990.0
107.0,3.0,3.0,3.0,1.0,1.0,0.0,0.0,0.0,170398.0
87.0,3.0,3.0,3.0,1.0,0.0,1.0,0.0,0.0,229172.0
90.0,2.0,1.0,2.0,1.0,0.0,1.0,0.0,0.0,220838.0
60.0,3.0,2.0,2.0,1.0,0.0,0.0,1.0,0.0,104175.0
82.0,3.0,2.0,2.0,1.0,0.0,0.0,1.0,0.0,114595.0
30.0,2.0,2.0,2.0,1.0,0.0,0.0,1.0,0.0,74588.0
52.0,3.0,3.0,4.0,1.0,0.0,0.0,1.0,0.0,187503.0
67.5,4.0,3.0,3.0,1.0,0.0,1.0,0.0,0.0,199997.0
81.0,4.0,3.0,4.0,1.0,0.0,1.0,0.0,0.0,283331.0
50.0,3.0,3.0,3.0,1.0,0.0,0.0,1.0,0.0,160417.0
90.0,2.0,1.0,2.0,1.0,0.0,0.0,1.0,0.0,57900.0
100.0,3.0,2.0,2.0,1.0,0.0,1.0,0.0,0.0,135417.0
50.4,4.0,3.0,4.0,1.0,0.0,0.0,1.0,0.0,158340.0
113.0,2.0,1.0,1.0,1.0,0.0,1.0,0.0,0.0,300015.0
55.0,2.0,2.0,2.0,1.0,0.0,0.0,1.0,0.0,101246.0
48.6,3.0,3.0,4.0,1.0,0.0,0.0,1.0,0.0,149992.0
108.9,5.0,3.0,2.0,1.0,0.0,0.0,1.0,0.0,270843.0
50.0,3.0,3.0,4.0,0.5,0.0,0.0,1.0,0.0,156250.0
51.0,3.0,3.0,3.0,1.0,0.0,0.0,1.0,0.0,150004.0
99.8,2.0,1.0,1.0,1.0,0.0,1.0,0.0,0.0,170824.0
106.0,4.0,2.0,2.0,1.0,0.0,1.0,0.0,0.0,583353.0
112.5,5.0,3.0,6.0,1.0,0.0,1.0,0.0,0.0,395812.0
67.0,2.0,2.0,2.0,1.0,0.0,1.0,0.0,0.0,208342.0
105.0,4.0,3.0,3.0,1.0,1.0,0.0,0.0,0.0,206238.0
50.0,3.0,3.0,3.0,1.0,0.0,0.0,1.0,0.0,91667.0
100.0,5.0,7.0,5.0,1.0,0.0,1.0,0.0,0.0,729167.0
50.0,3.0,3.0,3.0,1.0,0.0,0.0,1.0,0.0,91250.0
100.0,3.0,2.0,3.0,1.0,0.0,1.0,0.0,0.0,197917.0
66.0,3.0,3.0,4.0,1.0,0.0,0.0,1.0,0.0,152928.0
110.0,3.0,3.0,3.0,1.0,0.0,1.0,0.0,0.0,183333.0
50.0,3.0,3.0,3.0,1.0,0.0,1.0,0.0,0.0,158333.0
135.0,2.0,3.0,4.0,1.0,0.0,1.0,0.0,0.0,158344.0
100.0,3.0,3.0,3.0,1.0,1.0,0.0,0.0,0.0,350000.0
43.0,3.0,3.0,3.0,1.0,0.0,0.0,1.0,0.0,99169.0
43.0,2.0,1.0,2.0,1.0,0.0,0.0,1.0,0.0,71667.0
45.0,4.0,2.0,3.0,1.0,0.0,1.0,0.0,0.0,159581.0
50.0,4.0,4.0,4.0,1.0,0.0,1.0,0.0,0.0,162500.0
125.0,3.0,3.0,3.0,1.0,0.0,1.0,0.0,0.0,104167.0
100.0,3.0,3.0,3.0,1.0,0.0,1.0,0.0,0.0,143750.0
120.0,4.0,4.0,5.0,1.0,0.0,0.0,0.0,1.0,562500.0
50.0,2.0,2.0,2.0,1.0,0.0,0.0,1.0,0.0,91667.0
130.0,5.0,3.0,3.0,1.0,0.0,1.0,0.0,0.0,166671.0
121.0,3.0,3.0,4.0,1.0,0.0,1.0,0.0,0.0,191230.0
56.0,2.0,2.0,2.0,1.0,0.0,0.0,1.0,0.0,97907.0
60.0,3.0,2.0,2.0,1.0,0.0,0.0,1.0,0.0,98750.0
71.0,3.0,4.0,3.0,1.0,0.0,0.0,1.0,0.0,179157.0
133.0,5.0,2.0,4.0,1.0,0.0,1.0,0.0,0.0,229148.0
85.0,4.0,5.0,2.0,1.0,0.0,1.0,0.0,0.0,145846.0
70.0,3.0,2.0,2.0,1.0,0.0,1.0,0.0,0.0,287496.0
59.0,3.0,3.0,3.0,1.0,0.0,1.0,0.0,0.0,212498.0
62.0,3.0,3.0,3.0,1.0,0.0,1.0,0.0,0.0,187498.0
52.0,3.0,3.0,2.0,1.0,0.0,0.0,1.0,0.0,124995.0
33.5,3.0,2.0,2.0,1.0,0.0,0.0,1.0,0.0,77078.0
50.0,3.0,3.0,3.0,1.0,0.0,0.0,1.0,0.0,156250.0
75.0,3.0,1.0,3.0,1.0,0.0,0.0,1.0,0.0,80000.0
70.0,3.0,2.0,2.0,1.0,0.0,0.0,0.0,1.0,158346.0
76.0,2.0,2.0,2.0,1.0,0.0,1.0,0.0,0.0,179170.0
70.0,2.0,2.0,2.0,1.0,0.0,0.0,0.0,1.0,137492.0
77.0,3.0,2.0,2.0,1.0,0.0,0.0,1.0,0.0,95833.0
80.0,3.0,2.0,2.0,1.0,0.0,0.0,1.0,0.0,120833.0
60.0,4.0,3.0,4.0,1.0,0.0,0.0,1.0,0.0,133325.0
55.0,3.0,3.0,4.0,1.0,0.0,0.0,1.0,0.0,127073.0
81.0,3.0,1.0,2.0,1.0,0.0,1.0,0.0,0.0,107932.0
133.0,4.0,2.0,4.0,1.0,0.0,1.0,0.0,0.0,249985.0
80.0,3.0,1.0,3.0,1.0,0.0,0.0,1.0,0.0,72933.0
122.8,2.0,2.0,2.0,1.0,0.0,1.0,0.0,0.0,312475.0
60.0,3.0,2.0,2.0,1.0,0.0,0.0,1.0,0.0,133325.0
100.0,3.0,2.0,2.0,1.0,0.0,1.0,0.0,0.0,131250.0
43.0,2.0,1.0,2.0,1.0,0.0,0.0,1.0,0.0,68746.0
37.0,1.0,1.0,1.0,1.0,0.0,0.0,0.0,1.0,66662.0
81.0,3.0,3.0,3.0,1.0,0.0,1.0,0.0,0.0,283331.0
97.7,5.0,3.0,5.0,1.0,0.0,1.0,0.0,0.0,562508.0
135.0,3.0,3.0,3.0,1.0,0.0,1.0,0.0,0.0,162506.0
49.7,3.0,3.0,3.0,1.0,0.0,0.0,1.0,0.0,162498.0
50.0,4.0,3.0,4.0,1.0,0.0,0.0,1.0,0.0,91667.0
84.0,2.0,2.0,2.0,1.0,0.0,0.0,1.0,0.0,93765.0
74.0,3.0,2.0,2.0,1.0,0.0,0.0,1.0,0.0,129161.0
70.5,3.0,3.0,3.0,1.0,0.0,1.0,0.0,0.0,243754.0
81.0,2.0,2.0,2.0,1.0,0.0,1.0,0.0,0.0,266659.0
70.0,3.0,2.0,3.0,1.0,0.0,0.0,1.0,0.0,150004.0
63.4,2.0,2.0,2.0,1.0,0.0,0.0,1.0,0.0,99987.0
62.0,3.0,3.0,3.0,1.0,0.0,1.0,0.0,0.0,187498.0
100.0,3.0,3.0,4.0,1.0,0.0,1.0,0.0,0.0,212500.0
38.0,3.0,3.0,2.0,1.0,0.0,0.0,1.0,0.0,119162.0
72.0,3.0,2.0,2.0,1.0,0.0,1.0,0.0,0.0,135420.0
54.0,1.0,2.0,2.0,1.0,0.0,0.0,1.0,0.0,137498.0
40.0,2.0,2.0,2.0,1.0,0.0,0.0,1.0,0.0,89583.0
61.0,3.0,3.0,4.0,1.0,1.0,0.0,0.0,0.0,145841.0
62.0,3.0,2.0,3.0,1.0,0.0,0.0,1.0,0.0,139578.0
130.0,4.0,2.0,2.0,1.0,0.0,1.0,0.0,0.0,195812.0
74.3,3.0,2.0,2.0,1.0,0.0,0.0,1.0,0.0,145845.0
100.0,3.0,3.0,3.0,1.0,0.0,1.0,0.0,0.0,200000.0
62.0,2.0,2.0,2.0,1.0,0.0,0.0,1.0,0.0,114571.0
60.0,3.0,2.0,3.0,1.0,0.0,0.0,1.0,0.0,95825.0
80.0,2.0,2.0,2.0,1.0,0.0,1.0,0.0,0.0,262500.0
50.0,3.0,3.0,3.0,1.0,0.0,0.0,0.0,1.0,141667.0
50.0,3.0,2.0,2.0,1.0,0.0,0.0,1.0,0.0,104167.0
125.0,6.0,4.0,5.0,1.0,0.0,1.0,0.0,0.0,637500.0
85.0,3.0,2.0,3.0,1.0,0.0,1.0,0.0,0.0,166671.0
73.0,3.0,2.0,2.0,1.0,0.0,1.0,0.0,0.0,329169.0
60.0,3.0,3.0,3.0,1.0,0.0,0.0,1.0,0.0,141675.0
51.0,3.0,3.0,4.0,1.0,0.0,0.0,1.0,0.0,133344.0
94.0,1.0,1.0,1.0,1.0,0.0,0.0,1.0,0.0,85422.0
47.0,2.0,1.0,1.0,1.0,0.0,0.0,1.0,0.0,70833.0
61.0,2.0,2.0,2.0,1.0,0.0,0.0,1.0,0.0,124999.0
63.0,2.0,2.0,2.0,1.0,0.0,0.0,1.0,0.0,100012.0
100.0,2.0,1.0,1.0,1.0,0.0,1.0,0.0,0.0,137500.0
75.0,3.0,3.0,4.0,1.0,0.0,1.0,0.0,0.0,216656.0
49.0,4.0,3.0,3.0,1.0,0.0,1.0,0.0,0.0,229157.0
49.0,3.0,3.0,4.0,1.0,0.0,0.0,1.0,0.0,157923.0
86.0,2.0,1.0,1.0,1.0,0.0,0.0,1.0,0.0,77078.0
62.0,3.0,2.0,2.0,1.0,0.0,0.0,1.0,0.0,111678.0
81.0,3.0,3.0,3.0,1.0,0.0,1.0,0.0,0.0,537502.0
75.5,3.0,2.0,2.0,1.0,0.0,0.0,1.0,0.0,103750.0
76.5,3.0,2.0,2.0,1.0,0.0,0.0,1.0,0.0,87082.0
40.0,2.0,3.0,3.0,1.0,0.0,0.0,1.0,0.0,91667.0
70.0,2.0,2.0,2.0,1.0,0.0,0.0,1.0,0.0,105846.0
100.0,3.0,3.0,3.0,1.0,0.0,1.0,0.0,0.0,245833.0
100.0,1.0,1.0,1.0,0.0,0.0,1.0,0.0,0.0,145833.0
100.0,2.0,1.0,1.0,1.0,0.0,1.0,0.0,0.0,120833.0
45.0,3.0,3.0,3.0,1.0,0.0,0.0,1.0,0.0,91669.0
100.0,3.0,3.0,3.0,1.0,0.0,1.0,0.0,0.0,183333.0
56.0,3.0,4.0,3.0,1.0,0.0,1.0,0.0,0.0,162493.0
120.0,3.0,3.0,3.0,1.0,0.0,1.0,0.0,0.0,166650.0
70.0,3.0,4.0,3.0,1.0,1.0,0.0,0.0,0.0,179171.0
118.0,4.0,6.0,7.0,1.0,0.0,1.0,0.0,0.0,937510.0
75.0,1.0,2.0,2.0,1.0,0.0,1.0,0.0,0.0,183344.0
50.0,2.0,1.0,1.0,1.0,0.0,1.0,0.0,0.0,125000.0
76.5,3.0,2.0,2.0,1.0,0.0,0.0,1.0,0.0,91673.0
100.0,2.0,1.0,1.0,1.0,0.0,0.0,1.0,0.0,100000.0
108.0,3.0,2.0,2.0,1.0,0.0,1.0,0.0,0.0,289575.0
50.0,4.0,3.0,4.0,1.0,0.0,0.0,1.0,0.0,91667.0
101.0,3.0,1.0,2.0,1.0,0.0,0.0,1.0,0.0,104998.0
93.0,3.0,1.0,2.0,1.0,0.0,1.0,0.0,0.0,120822.0
70.0,3.0,2.0,2.0,1.0,0.0,0.0,1.0,0.0,111679.0
100.0,3.0,3.0,3.0,1.0,0.0,1.0,0.0,0.0,225000.0
100.0,2.0,2.0,2.0,1.0,0.0,1.0,0.0,0.0,129167.0
45.0,3.0,2.0,2.0,1.0,0.0,0.0,1.0,0.0,53756.0
96.7,6.0,3.0,6.0,1.0,0.0,1.0,0.0,0.0,197913.0
120.0,4.0,4.0,3.0,1.0,0.0,0.0,0.0,1.0,562500.0
70.0,2.0,2.0,2.0,1.0,0.0,0.0,0.0,1.0,162488.0
77.0,4.0,3.0,3.0,1.0,0.0,1.0,0.0,0.0,333346.0
70.0,3.0,2.0,2.0,1.0,0.0,0.0,0.0,1.0,158346.0
40.0,2.0,2.0,2.0,1.0,0.0,0.0,1.0,0.0,79167.0
120.0,5.0,4.0,5.0,1.0,0.0,1.0,0.0,0.0,583350.0
74.0,3.0,3.0,4.0,1.0,0.0,1.0,0.0,0.0,229153.0
115.0,3.0,1.0,2.0,1.0,0.0,1.0,0.0,0.0,254150.0
100.0,3.0,2.0,2.0,1.0,0.0,1.0,0.0,0.0,157083.0
117.8,4.0,2.0,2.0,1.0,0.0,0.0,1.0,0.0,133310.0
61.0,3.0,3.0,4.0,1.0,0.0,0.0,1.0,0.0,152093.0
58.0,2.0,2.0,2.0,1.0,0.0,0.0,1.0,0.0,150002.0
85.0,3.0,3.0,3.0,0.0,0.0,1.0,0.0,0.0,395817.0
68.0,3.0,3.0,3.0,1.0,0.0,1.0,0.0,0.0,158327.0
70.0,2.0,2.0,2.0,1.0,0.0,1.0,0.0,0.0,137492.0
90.5,3.0,2.0,2.0,1.0,0.0,0.0,1.0,0.0,122929.0
81.0,3.0,1.0,2.0,1.0,0.0,1.0,0.0,0.0,149985.0
50.0,3.0,3.0,3.0,1.0,0.0,0.0,1.0,0.0,160417.0
51.0,3.0,3.0,3.0,1.0,0.0,0.0,1.0,0.0,172911.0
100.0,4.0,2.0,4.0,1.0,0.0,1.0,0.0,0.0,133333.0
56.0,2.0,2.0,2.0,1.0,0.0,1.0,0.0,0.0,140840.0
90.0,4.0,3.0,4.0,1.0,0.0,1.0,0.0,0.0,325012.0
52.0,4.0,3.0,3.0,1.0,0.0,0.0,1.0,0.0,187503.0
83.0,1.0,1.0,1.0,1.0,0.0,1.0,0.0,0.0,132904.0
40.0,3.0,3.0,4.0,1.0,0.0,0.0,1.0,0.0,166250.0
85.0,3.0,3.0,3.0,1.0,0.0,1.0,0.0,0.0,208321.0
52.0,3.0,3.0,3.0,1.0,0.0,0.0,1.0,0.0,133337.0
60.0,3.0,2.0,3.0,1.0,0.0,0.0,1.0,0.0,120425.0
100.0,3.0,3.0,4.0,1.0,0.0,1.0,0.0,0.0,208333.0
100.0,3.0,1.0,2.0,1.0,0.0,1.0,0.0,0.0,137500.0
72.0,4.0,4.0,4.0,1.0,0.0,1.0,0.0,0.0,395820.0
85.0,1.0,1.0,1.0,1.0,0.0,1.0,0.0,0.0,266652.0
47.0,4.0,4.0,3.0,1.0,0.0,1.0,0.0,0.0,164578.0
40.0,3.0,3.0,3.0,1.0,0.0,0.0,1.0,0.0,106250.0
90.0,2.0,1.0,1.0,1.0,0.0,1.0,0.0,0.0,158325.0
70.0,3.0,2.0,2.0,1.0,0.0,0.0,1.0,0.0,118738.0
90.0,3.0,3.0,3.0,1.0,0.0,1.0,0.0,0.0,229162.0
83.0,2.0,1.0,2.0,1.0,0.0,1.0,0.0,0.0,210405.0
62.0,4.0,3.0,3.0,1.0,0.0,1.0,0.0,0.0,187498.0
65.0,4.0,3.0,3.0,1.0,0.0,1.0,0.0,0.0,258321.0
83.0,3.0,3.0,2.0,1.0,0.0,0.0,1.0,0.0,137503.0
50.0,2.0,2.0,2.0,1.0,0.0,0.0,1.0,0.0,93750.0
100.0,4.0,3.0,3.0,1.0,0.0,1.0,0.0,0.0,312500.0
50.0,3.0,3.0,4.0,1.0,0.0,0.0,1.0,0.0,132917.0
97.0,1.0,1.0,1.0,1.0,0.0,0.0,1.0,0.0,78732.0
54.0,3.0,4.0,3.0,1.0,0.0,1.0,0.0,0.0,479160.0
50.0,4.0,4.0,4.0,1.0,0.0,1.0,0.0,0.0,341667.0
50.0,5.0,4.0,5.0,1.0,0.0,1.0,0.0,0.0,366667.0
120.0,5.0,3.0,5.0,1.0,0.0,1.0,0.0,0.0,283350.0
90.0,3.0,3.0,3.0,1.0,0.0,0.0,1.0,0.0,162488.0
100.0,2.0,1.0,1.0,1.0,0.0,0.0,1.0,0.0,82917.0
80.0,1.0,1.0,1.0,1.0,0.0,0.0,1.0,0.0,14600.0
77.0,3.0,2.0,2.0,1.0,0.0,0.0,1.0,0.0,97918.0
102.0,3.0,3.0,4.0,1.0,0.0,1.0,0.0,0.0,354152.0
53.6,3.0,2.0,2.0,1.0,0.0,0.0,1.0,0.0,139583.0
87.5,3.0,3.0,3.0,1.0,0.0,1.0,0.0,0.0,220828.0
55.0,3.0,2.0,2.0,1.0,0.0,1.0,0.0,0.0,145842.0
90.0,4.0,3.0,4.0,1.0,0.0,0.0,1.0,0.0,150000.0
53.0,3.0,2.0,3.0,1.0,0.0,0.0,1.0,0.0,139589.0
60.0,3.0,3.0,4.0,1.0,0.0,0.0,1.0,0.0,162500.0
53.0,3.0,3.0,3.0,1.0,0.0,0.0,1.0,0.0,162489.0
138.0,4.0,3.0,4.0,1.0,0.0,1.0,0.0,0.0,495822.0
52.4,4.0,4.0,4.0,1.0,0.0,1.0,0.0,0.0,354158.0
58.0,3.0,3.0,3.0,1.0,0.0,0.0,1.0,0.0,143743.0
50.0,3.0,3.0,2.0,1.0,0.0,1.0,0.0,0.0,91667.0
88.0,3.0,1.0,2.0,1.0,0.0,1.0,0.0,0.0,129177.0
100.0,4.0,3.0,4.0,1.0,0.0,1.0,0.0,0.0,316667.0
95.0,3.0,2.0,3.0,1.0,0.0,1.0,0.0,0.0,197917.0
55.0,2.0,1.0,2.0,1.0,0.0,0.0,1.0,0.0,81240.0
90.0,3.0,3.0,4.0,1.0,0.0,1.0,0.0,0.0,437512.0
50.0,3.0,3.0,2.0,1.0,0.0,0.0,1.0,0.0,91625.0
52.0,3.0,3.0,3.0,1.0,0.0,0.0,1.0,0.0,133337.0
75.0,3.0,3.0,3.0,1.0,0.0,0.0,1.0,0.0,122906.0
62.0,3.0,3.0,3.0,1.0,0.0,0.0,1.0,0.0,165411.0
100.0,3.0,3.0,4.0,1.0,0.0,1.0,0.0,0.0,275000.0
90.0,10.0,5.0,1.0,1.0,0.0,1.0,0.0,0.0,437512.0
60.0,3.0,3.0,4.0,1.0,0.0,1.0,0.0,0.0,266675.0
120.0,3.0,3.0,3.0,1.0,0.0,1.0,0.0,0.0,270850.0
100.0,3.0,3.0,4.0,1.0,0.0,1.0,0.0,0.0,249792.0
100.0,3.0,3.0,4.0,1.0,0.0,1.0,0.0,0.0,212500.0
100.0,3.0,3.0,3.0,1.0,0.0,1.0,0.0,0.0,183333.0
74.0,3.0,2.0,2.0,1.0,0.0,0.0,1.0,0.0,143745.0
75.0,4.0,2.0,3.0,1.0,0.0,1.0,0.0,0.0,191656.0
50.0,3.0,3.0,4.0,1.0,0.0,0.0,1.0,0.0,135417.0
42.0,3.0,3.0,4.0,1.0,0.0,0.0,1.0,0.0,114590.0
51.0,3.0,3.0,4.0,1.0,0.0,0.0,1.0,0.0,150004.0
112.0,4.0,3.0,4.0,1.0,0.0,1.0,0.0,0.0,270853.0
100.0,3.0,3.0,4.0,1.0,0.0,1.0,0.0,0.0,229167.0
60.0,1.0,1.0,1.0,1.0,0.0,0.0,1.0,0.0,82500.0
85.0,3.0,3.0,3.0,1.0,0.0,0.0,1.0,0.0,168760.0
50.0,4.0,3.0,3.0,1.0,0.0,0.0,1.0,0.0,91667.0
71.0,3.0,2.0,2.0,1.0,0.0,0.0,1.0,0.0,112091.0
51.0,3.0,3.0,3.0,1.0,0.0,0.0,1.0,0.0,114580.0
50.0,3.0,3.0,3.0,1.0,0.0,0.0,1.0,0.0,135417.0
50.0,2.0,2.0,2.0,1.0,0.0,0.0,1.0,0.0,93750.0
75.0,2.0,1.0,2.0,1.0,0.0,0.0,1.0,0.0,81250.0
100.0,1.0,1.0,1.0,1.0,0.0,1.0,0.0,0.0,520833.0
120.0,3.0,3.0,3.0,1.0,0.0,1.0,0.0,0.0,166650.0
70.0,3.0,2.0,2.0,1.0,0.0,1.0,0.0,0.0,158346.0
85.0,4.0,6.0,4.0,1.0,0.0,1.0,0.0,0.0,166671.0
50.0,2.0,2.0,2.0,1.0,0.0,0.0,1.0,0.0,93750.0
145.8,4.0,2.0,3.0,1.0,0.0,1.0,0.0,0.0,541647.0
83.0,1.0,1.0,1.0,1.0,0.0,1.0,0.0,0.0,162507.0
80.0,3.0,3.0,4.0,1.0,0.0,0.0,1.0,0.0,133333.0
65.0,3.0,2.0,2.0,1.0,0.0,0.0,1.0,0.0,111665.0
100.0,3.0,2.0,1.0,1.0,0.0,1.0,0.0,0.0,210417.0
88.0,5.0,3.0,3.0,1.0,0.0,0.0,1.0,0.0,160417.0
50.0,4.0,3.0,3.0,1.0,0.0,0.0,1.0,0.0,91667.0
117.0,3.0,1.0,2.0,1.0,0.0,0.0,1.0,0.0,133331.0
100.0,3.0,2.0,4.0,1.0,0.0,1.0,0.0,0.0,206250.0
150.0,4.0,2.0,5.0,1.0,1.0,0.0,0.0,0.0,175000.0
75.0,3.0,3.0,3.0,1.0,0.0,0.0,1.0,0.0,175000.0
65.0,2.0,2.0,3.0,1.0,0.0,0.0,1.0,0.0,149988.0
95.0,3.0,3.0,3.0,1.0,0.0,1.0,0.0,0.0,133317.0
116.0,2.0,1.0,2.0,1.0,0.0,1.0,0.0,0.0,175015.0
95.0,2.0,2.0,3.0,1.0,0.0,1.0,0.0,0.0,197917.0
100.0,3.0,2.0,3.0,1.0,0.0,1.0,0.0,0.0,224583.0
97.0,3.0,3.0,3.0,1.0,0.0,0.0,1.0,0.0,162515.0
100.0,2.0,4.0,5.0,1.0,1.0,0.0,0.0,0.0,354167.0
90.0,2.0,1.0,2.0,1.0,0.0,1.0,0.0,0.0,162488.0
82.5,3.0,3.0,3.0,1.0,0.0,0.0,0.0,1.0,212506.0
43.0,2.0,2.0,2.0,1.0,0.0,0.0,1.0,0.0,95424.0
75.0,3.0,3.0,4.0,1.0,0.0,1.0,0.0,0.0,224156.0
96.0,2.0,2.0,2.0,1.0,0.0,1.0,0.0,0.0,187520.0
120.0,4.0,4.0,5.0,1.0,0.0,1.0,0.0,0.0,541650.0
126.0,4.0,3.0,3.0,1.0,1.0,0.0,0.0,0.0,324975.0
60.0,3.0,3.0,4.0,1.0,0.0,0.0,1.0,0.0,166250.0
55.0,3.0,2.0,2.0,1.0,0.0,0.0,0.0,1.0,119992.0
131.0,3.0,3.0,4.0,1.0,1.0,0.0,0.0,0.0,299990.0
50.0,4.0,3.0,4.0,1.0,0.0,0.0,1.0,0.0,91667.0
50.0,3.0,3.0,3.0,1.0,0.0,0.0,1.0,0.0,158333.0
51.0,3.0,3.0,3.0,1.0,0.0,0.0,1.0,0.0,172911.0
60.0,3.0,3.0,2.0,1.0,0.0,0.0,1.0,0.0,116675.0
150.0,3.0,3.0,3.0,1.0,0.0,0.0,1.0,0.0,125000.0
62.0,4.0,7.0,4.0,1.0,0.0,1.0,0.0,0.0,283340.0
40.0,2.0,2.0,2.0,1.0,0.0,1.0,0.0,0.0,154167.0
92.5,3.0,3.0,4.0,1.0,0.0,1.0,0.0,0.0,224775.0
75.0,4.0,3.0,4.0,1.0,0.0,1.0,0.0,0.0,223969.0
75.0,3.0,3.0,4.0,1.0,0.0,1.0,0.0,0.0,231250.0
52.0,3.0,3.0,3.0,1.0,0.0,0.0,1.0,0.0,158253.0
107.0,8.0,3.0,6.0,1.0,0.0,1.0,0.0,0.0,500002.0
50.0,4.0,3.0,3.0,1.0,0.0,0.0,1.0,0.0,91667.0
85.0,3.0,3.0,3.0,1.0,0.0,0.0,1.0,0.0,168760.0
95.5,3.0,2.0,1.0,1.0,0.0,0.0,1.0,0.0,112491.0
51.0,3.0,3.0,4.0,1.0,0.0,0.0,1.0,0.0,189592.0
55.0,3.0,2.0,2.0,1.0,0.0,0.0,1.0,0.0,88756.0
50.0,3.0,3.0,3.0,1.0,0.0,1.0,0.0,0.0,165833.0
110.0,2.0,2.0,2.0,1.0,0.0,1.0,0.0,0.0,124988.0
50.0,4.0,3.0,4.0,1.0,0.0,0.0,0.0,1.0,91667.0
68.0,3.0,2.0,2.0,1.0,0.0,0.0,1.0,0.0,149997.0
74.0,11.0,7.0,7.0,1.0,0.0,1.0,0.0,0.0,437494.0
100.0,3.0,2.0,2.0,1.0,0.0,0.0,1.0,0.0,125000.0
50.0,4.0,3.0,3.0,1.0,0.0,1.0,0.0,0.0,137500.0
67.0,2.0,1.0,1.0,1.0,0.0,0.0,1.0,0.0,93325.0
50.0,4.0,3.0,4.0,1.0,0.0,0.0,1.0,0.0,91667.0
65.0,3.0,2.0,2.0,1.0,0.0,0.0,1.0,0.0,97906.0
68.0,3.0,3.0,3.0,1.0,0.0,1.0,0.0,0.0,183345.0
92.0,3.0,3.0,3.0,1.0,0.0,1.0,0.0,0.0,183348.0
40.0,4.0,3.0,3.0,1.0,0.0,1.0,0.0,0.0,187500.0
40.0,3.0,2.0,1.0,1.0,0.0,0.0,1.0,0.0,74167.0
98.0,3.0,3.0,3.0,1.0,0.0,1.0,0.0,0.0,287507.0
61.0,3.0,3.0,4.0,1.0,0.0,0.0,1.0,0.0,143757.0
53.0,3.0,2.0,3.0,1.0,0.0,1.0,0.0,0.0,145838.0
70.0,3.0,3.0,4.0,1.0,0.0,1.0,0.0,0.0,216621.0
50.7,3.0,3.0,4.0,1.0,0.0,0.0,1.0,0.0,143756.0
120.0,3.0,3.0,4.0,1.0,0.0,1.0,0.0,0.0,291650.0
41.5,2.0,2.0,2.0,1.0,0.0,0.0,1.0,0.0,108332.0
90.0,3.0,3.0,3.0,1.0,0.0,1.0,0.0,0.0,204150.0
60.0,3.0,2.0,2.0,1.0,0.0,0.0,1.0,0.0,112075.0
75.0,3.0,3.0,2.0,1.0,0.0,1.0,0.0,0.0,145844.0
68.0,4.0,3.0,2.0,1.0,0.0,0.0,1.0,0.0,183345.0
84.0,2.0,3.0,3.0,1.0,0.0,0.0,1.0,0.0,114590.0
75.0,3.0,3.0,4.0,1.0,0.0,1.0,0.0,0.0,229156.0
85.0,3.0,3.0,4.0,1.0,0.0,1.0,0.0,0.0,225002.0
95.0,3.0,2.0,3.0,1.0,0.0,1.0,0.0,0.0,212483.0
64.0,3.0,2.0,2.0,1.0,0.0,0.0,1.0,0.0,89573.0
90.0,10.0,5.0,7.0,1.0,0.0,1.0,0.0,0.0,241650.0
60.0,3.0,2.0,2.0,1.0,0.0,0.0,1.0,0.0,97925.0
90.0,3.0,2.0,2.0,1.0,0.0,0.0,1.0,0.0,79162.0
100.0,3.0,2.0,2.0,1.0,0.0,0.0,1.0,0.0,108333.0
100.0,3.0,3.0,3.0,1.0,0.0,1.0,0.0,0.0,179167.0
100.0,3.0,2.0,2.0,1.0,0.0,1.0,0.0,0.0,116250.0
44.6,3.0,3.0,3.0,1.0,0.0,0.0,1.0,0.0,124992.0
120.0,3.0,3.0,3.0,1.0,0.0,1.0,0.0,0.0,116650.0
70.0,3.0,2.0,2.0,1.0,0.0,0.0,1.0,0.0,116667.0
111.0,3.0,3.0,3.0,1.0,0.0,0.0,1.0,0.0,154151.0
100.0,2.0,2.0,3.0,1.0,0.0,1.0,0.0,0.0,395833.0
100.0,3.0,3.0,3.0,1.0,0.0,1.0,0.0,0.0,206250.0
55.0,3.0,2.0,3.0,1.0,0.0,0.0,1.0,0.0,139585.0
83.0,2.0,1.0,1.0,1.0,0.0,1.0,0.0,0.0,141653.0
56.0,2.0,1.0,1.0,0.0,0.0,1.0,0.0,0.0,158340.0
110.0,11.0,4.0,7.0,1.0,0.0,1.0,0.0,0.0,304150.0
77.0,3.0,3.0,3.0,1.0,0.0,0.0,1.0,0.0,122911.0
76.0,2.0,1.0,2.0,1.0,0.0,0.0,1.0,0.0,83347.0
75.0,3.0,3.0,2.0,1.0,0.0,1.0,0.0,0.0,145844.0
60.0,3.0,3.0,3.0,1.0,0.0,1.0,0.0,0.0,216675.0
56.0,2.0,1.0,1.0,1.0,0.0,1.0,0.0,0.0,116667.0
112.0,2.0,1.0,2.0,1.0,0.0,0.0,1.0,0.0,87500.0
120.0,6.0,4.0,4.0,1.0,0.0,1.0,0.0,0.0,187500.0
92.0,3.0,3.0,3.0,1.0,0.0,1.0,0.0,0.0,262507.0
123.5,1.0,1.0,2.0,1.0,0.0,0.0,1.0,0.0,187514.0
118.0,3.0,1.0,1.0,1.0,0.0,1.0,0.0,0.0,152072.0
95.0,3.0,2.0,3.0,1.0,0.0,1.0,0.0,0.0,212483.0
81.0,3.0,2.0,2.0,1.0,0.0,1.0,0.0,0.0,202095.0
73.0,2.0,2.0,2.0,1.0,0.0,1.0,0.0,0.0,150015.0
72.0,2.0,1.0,2.0,1.0,0.0,1.0,0.0,0.0,229170.0
83.0,3.0,3.0,3.0,1.0,0.0,1.0,0.0,0.0,195845.0
62.0,3.0,3.0,3.0,1.0,0.0,1.0,0.0,0.0,187498.0
146.0,4.0,2.0,2.0,1.0,0.0,1.0,0.0,0.0,283362.0
52.0,3.0,3.0,3.0,1.0,0.0,0.0,1.0,0.0,164580.0
118.0,3.0,1.0,2.0,1.0,0.0,1.0,0.0,0.0,150008.0
123.0,11.0,4.0,7.0,1.0,0.0,0.0,1.0,0.0,247896.0
125.0,3.0,3.0,4.0,1.0,0.0,1.0,0.0,0.0,253750.0
45.0,3.0,4.0,3.0,1.0,0.0,0.0,1.0,0.0,137494.0
52.5,3.0,3.0,3.0,1.0,0.0,0.0,1.0,0.0,162509.0
28.0,1.0,2.0,1.0,1.0,0.0,0.0,1.0,0.0,66663.0
125.0,3.0,2.0,2.0,1.0,0.0,0.0,1.0,0.0,120833.0
50.0,3.0,2.0,2.0,1.0,0.0,0.0,1.0,0.0,110417.0
62.0,3.0,3.0,3.0,1.0,0.0,1.0,0.0,0.0,187498.0
45.0,3.0,3.0,3.0,1.0,0.0,0.0,1.0,0.0,125006.0
70.0,3.0,2.0,2.0,1.0,0.0,1.0,0.0,0.0,145833.0
32.0,2.0,2.0,2.0,1.0,0.0,0.0,1.0,0.0,66667.0
82.0,4.0,1.0,4.0,1.0,0.0,0.0,0.0,1.0,160412.0
67.0,2.0,2.0,2.0,1.0,0.0,0.0,1.0,0.0,129170.0
50.0,2.0,2.0,2.0,1.0,0.0,0.0,1.0,0.0,118750.0
61.0,3.0,3.0,4.0,1.0,0.0,1.0,0.0,0.0,195835.0
60.0,3.0,2.0,2.0,1.0,0.0,0.0,1.0,0.0,97925.0
100.0,3.0,2.0,2.0,1.0,0.0,1.0,0.0,0.0,170833.0
60.0,3.0,2.0,2.0,1.0,0.0,1.0,0.0,0.0,195825.0
56.0,3.0,2.0,3.0,1.0,0.0,1.0,0.0,0.0,237510.0
70.0,2.0,2.0,2.0,1.0,0.0,1.0,0.0,0.0,145833.0
125.0,3.0,3.0,3.0,1.0,0.0,1.0,0.0,0.0,187500.0
78.0,4.0,3.0,4.0,1.0,0.0,0.0,0.0,1.0,408330.0
8.0,5.0,3.0,3.0,1.0,0.0,0.0,1.0,0.0,137500.0
20.0,2.0,2.0,2.0,1.0,0.0,0.0,1.0,0.0,58292.0
80.0,2.0,2.0,2.0,1.0,0.0,1.0,0.0,0.0,275000.0
94.0,4.0,3.0,3.0,1.0,0.0,0.0,1.0,0.0,220822.0
56.0,1.0,1.0,1.0,1.0,0.0,1.0,0.0,0.0,160417.0
80.0,4.0,3.0,3.0,1.0,0.0,0.0,1.0,0.0,137500.0
102.0,1.0,1.0,1.0,1.0,0.0,0.0,1.0,0.0,75820.0
55.0,2.0,3.0,2.0,1.0,0.0,0.0,1.0,0.0,120840.0
100.0,3.0,2.0,2.0,1.0,0.0,1.0,0.0,0.0,116667.0
60.0,3.0,3.0,4.0,1.0,0.0,0.0,1.0,0.0,145825.0
100.0,2.0,2.0,2.0,1.0,0.0,1.0,0.0,0.0,541667.0
78.8,2.0,1.0,2.0,1.0,0.0,1.0,0.0,0.0,68753.0
64.0,4.0,3.0,4.0,1.0,0.0,0.0,1.0,0.0,158347.0
102.8,5.0,7.0,5.0,1.0,0.0,1.0,0.0,0.0,833322.0
39.0,3.0,2.0,2.0,1.0,0.0,0.0,1.0,0.0,106242.0
115.0,3.0,2.0,3.0,1.0,0.0,0.0,1.0,0.0,225017.0
72.0,3.0,3.0,2.0,1.0,0.0,0.0,1.0,0.0,287490.0
120.0,4.0,4.0,4.0,1.0,0.0,1.0,0.0,0.0,562500.0
150.0,3.0,2.0,2.0,1.0,0.0,1.0,0.0,0.0,208312.0
73.7,3.0,4.0,3.0,1.0,0.0,1.0,0.0,0.0,237498.0
40.0,3.0,3.0,4.0,1.0,0.0,1.0,0.0,0.0,195283.0
100.0,3.0,3.0,4.0,1.0,0.0,1.0,0.0,0.0,325000.0
112.5,3.0,3.0,4.0,1.0,0.0,1.0,0.0,0.0,220828.0
100.0,3.0,3.0,4.0,1.0,0.0,1.0,0.0,0.0,283333.0
100.0,3.0,3.0,4.0,1.0,0.0,1.0,0.0,0.0,200000.0
50.0,2.0,2.0,2.0,1.0,0.0,1.0,0.0,0.0,87458.0
85.0,3.0,2.0,2.0,1.0,0.0,0.0,1.0,0.0,114573.0
59.3,3.0,3.0,2.0,1.0,0.0,1.0,0.0,0.0,633324.0
110.0,2.0,2.0,2.0,1.0,0.0,1.0,0.0,0.0,137500.0
78.0,4.0,3.0,3.0,1.0,0.0,0.0,1.0,0.0,202085.0
62.0,4.0,3.0,3.0,1.0,0.0,0.0,1.0,0.0,181247.0
62.0,2.0,1.0,1.0,1.0,0.0,0.0,1.0,0.0,87498.0
95.0,3.0,3.0,3.0,1.0,0.0,1.0,0.0,0.0,270829.0
100.0,3.0,2.0,2.0,1.0,0.0,1.0,0.0,0.0,233333.0
42.0,2.0,1.0,2.0,1.0,0.0,0.0,1.0,0.0,71662.0
100.0,11.0,5.0,7.0,1.0,0.0,1.0,0.0,0.0,225000.0
40.0,2.0,1.0,2.0,1.0,0.0,0.0,1.0,0.0,61667.0
50.0,2.0,1.0,2.0,1.0,0.0,0.0,1.0,0.0,89583.0
50.0,2.0,1.0,2.0,1.0,0.0,0.0,1.0,0.0,77083.0
100.0,2.0,1.0,2.0,1.0,0.0,1.0,0.0,0.0,158333.0
50.0,3.0,3.0,3.0,1.0,0.0,0.0,1.0,0.0,93750.0
48.0,3.0,3.0,3.0,1.0,0.0,0.0,1.0,0.0,139580.0
58.0,3.0,3.0,4.0,1.0,0.0,0.0,1.0,0.0,152081.0
106.0,2.0,1.0,1.0,1.0,0.0,1.0,0.0,0.0,141687.0
75.0,3.0,2.0,2.0,1.0,0.0,0.0,1.0,0.0,106250.0
135.0,3.0,3.0,3.0,1.0,0.0,0.0,1.0,0.0,124988.0
125.0,4.0,4.0,4.0,1.0,0.0,1.0,0.0,0.0,325000.0
74.0,3.0,1.0,3.0,1.0,0.0,0.0,1.0,0.0,95830.0
95.0,3.0,1.0,1.0,1.0,0.0,0.0,1.0,0.0,112100.0
81.0,3.0,2.0,2.0,1.0,0.0,1.0,0.0,0.0,254171.0
60.0,3.0,2.0,2.0,1.0,0.0,1.0,0.0,0.0,150000.0
46.0,4.0,3.0,3.0,1.0,0.0,0.0,1.0,0.0,125005.0
51.0,3.0,3.0,3.0,1.0,0.0,0.0,1.0,0.0,172911.0
40.0,2.0,2.0,2.0,1.0,0.0,0.0,1.0,0.0,89583.0
85.0,2.0,1.0,2.0,1.0,0.0,1.0,0.0,0.0,149990.0
54.0,3.0,1.0,2.0,1.0,0.0,1.0,0.0,0.0,162495.0
50.5,4.0,3.0,3.0,1.0,0.0,0.0,1.0,0.0,175004.0
147.0,5.0,2.0,3.0,1.0,0.0,1.0,0.0,0.0,245858.0
56.0,1.0,1.0,1.0,1.0,0.0,1.0,0.0,0.0,160417.0
101.0,4.0,2.0,2.0,1.0,0.0,1.0,0.0,0.0,208312.0
40.0,2.0,2.0,2.0,1.0,0.0,1.0,0.0,0.0,89583.0
90.0,2.0,2.0,2.0,1.0,0.0,1.0,0.0,0.0,212512.0
50.0,2.0,2.0,2.0,1.0,0.0,1.0,0.0,0.0,89583.0
50.0,3.0,3.0,3.0,1.0,0.0,1.0,0.0,0.0,416667.0
47.2,3.0,3.0,4.0,1.0,0.0,1.0,0.0,0.0,201662.0
47.2,3.0,3.0,4.0,1.0,0.0,1.0,0.0,0.0,202075.0
100.0,3.0,2.0,2.0,1.0,0.0,1.0,0.0,0.0,150000.0
97.0,3.0,2.0,2.0,1.0,0.0,1.0,0.0,0.0,166234.0
60.0,2.0,2.0,2.0,1.0,0.0,1.0,0.0,0.0,91250.0
51.0,3.0,2.0,4.0,1.0,0.0,0.0,1.0,0.0,185406.0
92.0,4.0,2.0,2.0,1.0,0.0,0.0,1.0,0.0,91617.0
99.0,3.0,2.0,2.0,1.0,0.0,1.0,0.0,0.0,158318.0
72.0,2.0,1.0,1.0,1.0,0.0,1.0,0.0,0.0,129180.0
50.0,3.0,3.0,3.0,1.0,0.0,0.0,1.0,0.0,158333.0
75.0,3.0,3.0,4.0,1.0,0.0,1.0,0.0,0.0,224156.0
80.0,3.0,3.0,3.0,1.0,0.0,1.0,0.0,0.0,160433.0
65.0,3.0,2.0,2.0,1.0,0.0,0.0,1.0,0.0,137502.0
90.0,3.0,3.0,3.0,1.0,0.0,0.0,1.0,0.0,162488.0
84.4,2.0,2.0,2.0,1.0,0.0,0.0,1.0,0.0,195843.0
100.0,4.0,4.0,4.0,1.0,0.0,1.0,0.0,0.0,214583.0
72.0,2.0,1.0,1.0,1.0,0.0,1.0,0.0,0.0,116670.0
40.0,2.0,2.0,2.0,1.0,0.0,0.0,1.0,0.0,89583.0
100.0,3.0,3.0,4.0,1.0,0.0,1.0,0.0,0.0,222917.0
100.0,2.0,1.0,1.0,1.0,0.0,1.0,0.0,0.0,110417.0
32.0,2.0,2.0,2.0,1.0,0.0,0.0,1.0,0.0,62507.0
125.0,5.0,3.0,4.0,1.0,0.0,1.0,0.0,0.0,625000.0
56.0,3.0,3.0,3.0,1.0,0.0,1.0,0.0,0.0,395827.0
75.0,3.0,2.0,2.0,1.0,0.0,1.0,0.0,0.0,137500.0
65.0,3.0,3.0,3.0,1.0,0.0,0.0,1.0,0.0,187498.0
85.0,3.0,2.0,2.0,1.0,0.0,0.0,1.0,0.0,195819.0
61.0,3.0,3.0,4.0,1.0,0.0,0.0,1.0,0.0,133336.0
105.0,4.0,2.0,3.0,1.0,0.0,0.0,1.0,0.0,212494.0
100.0,3.0,3.0,3.0,1.0,0.0,1.0,0.0,0.0,229167.0
73.0,2.0,1.0,2.0,1.0,0.0,1.0,0.0,0.0,162486.0
60.0,4.0,3.0,3.0,1.0,0.0,1.0,0.0,0.0,316675.0
110.0,3.0,2.0,3.0,1.0,0.0,1.0,0.0,0.0,377071.0
48.0,2.0,2.0,2.0,1.0,0.0,0.0,1.0,0.0,104160.0
88.5,3.0,3.0,3.0,1.0,0.0,1.0,0.0,0.0,225011.0
51.0,3.0,3.0,4.0,1.0,0.0,0.0,1.0,0.0,183324.0
50.0,4.0,2.0,3.0,1.0,0.0,0.0,1.0,0.0,133333.0
84.0,4.0,3.0,2.0,1.0,0.0,1.0,0.0,0.0,520835.0
72.0,4.0,2.0,2.0,1.0,0.0,1.0,0.0,0.0,229170.0
100.0,2.0,2.0,2.0,1.0,0.0,1.0,0.0,0.0,81250.0
50.0,4.0,3.0,2.0,1.0,0.0,0.0,1.0,0.0,106250.0
30.0,3.0,2.0,2.0,1.0,0.0,0.0,1.0,0.0,69588.0
60.0,2.0,2.0,2.0,1.0,0.0,0.0,0.0,1.0,162500.0
50.0,3.0,2.0,3.0,1.0,0.0,0.0,1.0,0.0,110417.0
46.0,2.0,2.0,2.0,1.0,0.0,0.0,1.0,0.0,102082.0
78.0,3.0,3.0,3.0,1.0,0.0,0.0,1.0,0.0,202085.0
80.0,3.0,3.0,3.0,1.0,0.0,0.0,1.0,0.0,195433.0
46.0,3.0,3.0,3.0,1.0,0.0,0.0,1.0,0.0,124967.0
42.0,4.0,3.0,3.0,1.0,1.0,0.0,0.0,0.0,149992.0
75.0,3.0,2.0,2.0,1.0,0.0,1.0,0.0,0.0,143750.0
36.0,4.0,3.0,3.0,1.0,0.0,0.0,1.0,0.0,110415.0
52.0,4.0,3.0,3.0,1.0,0.0,0.0,1.0,0.0,147918.0
60.0,3.0,3.0,3.0,1.0,0.0,0.0,1.0,0.0,166250.0
72.0,4.0,3.0,3.0,1.0,0.0,0.0,1.0,0.0,197910.0
55.0,3.0,3.0,4.0,1.0,0.0,0.0,1.0,0.0,127073.0
48.0,3.0,2.0,2.0,1.0,0.0,0.0,1.0,0.0,111260.0
40.0,2.0,2.0,2.0,1.0,0.0,0.0,1.0,0.0,106250.0
91.5,3.0,3.0,4.0,1.0,0.0,0.0,0.0,1.0,202101.0
90.0,4.0,3.0,4.0,1.0,0.0,1.0,0.0,0.0,300000.0
34.0,3.0,2.0,2.0,1.0,0.0,0.0,1.0,0.0,77081.0
67.0,3.0,2.0,3.0,1.0,0.0,0.0,0.0,1.0,266660.0
70.0,3.0,2.0,2.0,1.0,0.0,1.0,0.0,0.0,150004.0
50.0,4.0,3.0,3.0,1.0,0.0,0.0,0.0,1.0,162500.0
52.0,4.0,3.0,4.0,1.0,0.0,0.0,1.0,0.0,120835.0
90.0,5.0,3.0,4.0,1.0,0.0,0.0,1.0,0.0,168750.0
70.0,3.0,2.0,2.0,1.0,0.0,1.0,0.0,0.0,229162.0
53.0,3.0,3.0,4.0,1.0,0.0,0.0,1.0,0.0,143740.0
66.0,7.0,3.0,7.0,1.0,0.0,0.0,1.0,0.0,166678.0
40.0,3.0,3.0,3.0,1.0,0.0,0.0,1.0,0.0,160417.0
72.0,3.0,2.0,2.0,1.0,0.0,1.0,0.0,0.0,147930.0
100.0,3.0,3.0,3.0,1.0,0.0,1.0,0.0,0.0,483333.0
56.0,2.0,2.0,1.0,1.0,0.0,0.0,1.0,0.0,83323.0
52.0,3.0,3.0,2.0,1.0,0.0,1.0,0.0,0.0,245830.0
60.0,3.0,3.0,3.0,1.0,0.0,1.0,0.0,0.0,145425.0
62.0,3.0,3.0,3.0,1.0,0.0,1.0,0.0,0.0,187498.0
90.0,5.0,4.0,4.0,1.0,0.0,1.0,0.0,0.0,291675.0
104.0,4.0,2.0,2.0,1.0,0.0,1.0,0.0,0.0,187503.0
95.0,4.0,3.0,4.0,0.0,0.0,0.0,1.0,0.0,220835.0
95.0,3.0,3.0,3.0,1.0,0.0,1.0,0.0,0.0,520838.0
75.0,3.0,3.0,3.0,1.0,0.0,1.0,0.0,0.0,208344.0
120.0,3.0,3.0,3.0,1.0,0.0,1.0,0.0,0.0,562500.0
90.1,2.0,2.0,3.0,1.0,0.0,1.0,0.0,0.0,289596.0
60.0,3.0,2.0,3.0,1.0,0.0,0.0,1.0,0.0,95825.0
80.0,3.0,2.0,2.0,1.0,0.0,1.0,0.0,0.0,150000.0
110.0,3.0,2.0,2.0,1.0,0.0,1.0,0.0,0.0,162067.0
21.0,2.0,2.0,1.0,1.0,0.0,0.0,1.0,0.0,49998.0
92.0,4.0,3.0,3.0,1.0,0.0,1.0,0.0,0.0,195845.0
100.0,3.0,3.0,3.0,1.0,0.0,1.0,0.0,0.0,139583.0
100.0,3.0,3.0,2.0,1.0,0.0,1.0,0.0,0.0,183333.0
72.0,3.0,2.0,2.0,1.0,0.0,1.0,0.0,0.0,316680.0
85.0,4.0,3.0,4.0,1.0,0.0,1.0,0.0,0.0,270831.0
80.0,3.0,3.0,2.0,1.0,0.0,0.0,1.0,0.0,202100.0
85.0,4.0,3.0,3.0,1.0,0.0,1.0,0.0,0.0,191675.0
71.0,2.0,1.0,2.0,1.0,0.0,0.0,1.0,0.0,81236.0
100.0,3.0,3.0,3.0,1.0,0.0,1.0,0.0,0.0,147917.0
50.0,3.0,3.0,3.0,0.5,0.0,1.0,0.0,0.0,156250.0
140.0,2.0,1.0,2.0,1.0,0.0,0.0,1.0,0.0,93742.0
60.0,1.0,1.0,1.0,1.0,0.0,0.0,1.0,0.0,87500.0
75.0,3.0,3.0,3.0,1.0,0.0,1.0,0.0,0.0,229156.0
70.0,3.0,2.0,2.0,1.0,0.0,0.0,1.0,0.0,102083.0
66.0,2.0,1.0,2.0,1.0,0.0,0.0,1.0,0.0,72930.0
50.0,3.0,2.0,2.0,1.0,0.0,0.0,1.0,0.0,118750.0
30.0,2.0,1.0,2.0,1.0,0.0,0.0,1.0,0.0,77088.0
86.0,2.0,1.0,2.0,1.0,0.0,0.0,1.0,0.0,68764.0
40.0,2.0,1.0,2.0,1.0,0.0,0.0,1.0,0.0,85417.0
70.0,4.0,3.0,3.0,1.0,0.0,1.0,0.0,0.0,216679.0
50.0,4.0,3.0,3.0,1.0,0.0,1.0,0.0,0.0,187500.0
70.0,3.0,2.0,2.0,1.0,0.0,0.0,1.0,0.0,145833.0
100.0,3.0,3.0,4.0,1.0,0.0,1.0,0.0,0.0,220625.0
100.0,3.0,2.0,2.0,1.0,0.0,1.0,0.0,0.0,147917.0
52.0,4.0,3.0,4.0,1.0,0.0,0.0,1.0,0.0,124583.0
75.0,1.0,1.0,1.0,1.0,0.0,0.0,1.0,0.0,87500.0
52.0,4.0,3.0,4.0,1.0,0.0,0.0,1.0,0.0,124995.0
52.0,4.0,3.0,4.0,1.0,0.0,0.0,1.0,0.0,124583.0
78.0,3.0,3.0,3.0,1.0,0.0,1.0,0.0,0.0,154180.0
90.0,1.0,2.0,2.0,1.0,0.0,1.0,0.0,0.0,375000.0
87.0,2.0,1.0,2.0,1.0,0.0,0.0,1.0,0.0,91676.0
125.0,11.0,4.0,7.0,1.0,0.0,1.0,0.0,0.0,833333.0
66.8,2.0,1.0,1.0,1.0,0.0,0.0,1.0,0.0,114590.0
50.0,3.0,3.0,3.0,1.0,0.0,0.0,1.0,0.0,158333.0
81.0,3.0,3.0,3.0,1.0,0.0,1.0,0.0,0.0,187515.0
86.0,3.0,1.0,1.0,1.0,0.0,1.0,0.0,0.0,104168.0
100.0,3.0,3.0,2.0,1.0,0.0,1.0,0.0,0.0,220833.0
96.0,3.0,2.0,2.0,1.0,0.0,0.0,1.0,0.0,137520.0
85.0,3.0,2.0,2.0,1.0,0.0,1.0,0.0,0.0,179173.0
70.0,3.0,3.0,2.0,1.0,0.0,1.0,0.0,0.0,152075.0
54.6,6.0,4.0,6.0,1.0,0.0,0.0,1.0,0.0,208344.0
104.0,2.0,1.0,1.0,1.0,0.0,0.0,1.0,0.0,106253.0
120.0,4.0,3.0,3.0,1.0,0.0,1.0,0.0,0.0,166650.0
33.0,3.0,2.0,2.0,1.0,0.0,0.0,1.0,0.0,77082.0
80.0,4.0,4.0,4.0,1.0,0.0,1.0,0.0,0.0,279167.0
52.0,3.0,2.0,2.0,1.0,0.0,0.0,1.0,0.0,135417.0
70.0,3.0,3.0,3.0,1.0,0.0,1.0,0.0,0.0,152075.0
33.3,3.0,2.0,2.0,1.0,0.0,0.0,1.0,0.0,77090.0
46.0,4.0,4.0,4.0,1.0,0.0,1.0,0.0,0.0,366658.0
129.0,3.0,2.0,3.0,1.0,0.0,1.0,0.0,0.0,220859.0
75.0,4.0,3.0,3.0,1.0,0.0,1.0,0.0,0.0,185406.0
64.0,2.0,2.0,2.0,1.0,0.0,1.0,0.0,0.0,195840.0
115.0,4.0,4.0,4.0,1.0,0.0,1.0,0.0,0.0,312512.0
75.0,3.0,2.0,2.0,1.0,0.0,1.0,0.0,0.0,141250.0
75.0,3.0,3.0,4.0,1.0,0.0,1.0,0.0,0.0,231250.0
87.3,9.0,4.0,5.0,1.0,0.0,1.0,0.0,0.0,624995.0
90.0,3.0,2.0,2.0,1.0,0.0,1.0,0.0,0.0,216675.0
67.0,3.0,1.0,2.0,1.0,0.0,0.0,1.0,0.0,89585.0
75.0,3.0,3.0,4.0,1.0,0.0,1.0,0.0,0.0,225000.0
120.0,4.0,4.0,4.0,1.0,0.0,0.0,0.0,1.0,562500.0
82.5,2.0,2.0,1.0,1.0,0.0,1.0,0.0,0.0,141659.0
72.0,4.0,3.0,4.0,0.0,0.0,1.0,0.0,0.0,191670.0
94.0,3.0,3.0,4.0,1.0,0.0,1.0,0.0,0.0,266686.0
70.0,3.0,3.0,4.0,0.0,0.0,1.0,0.0,0.0,275012.0
127.0,2.0,1.0,2.0,1.0,0.0,0.0,1.0,0.0,160390.0
51.0,6.0,5.0,6.0,1.0,0.0,1.0,0.0,0.0,312502.0
100.0,11.0,7.0,7.0,1.0,0.0,1.0,0.0,0.0,408333.0
110.0,10.0,5.0,7.0,1.0,0.0,1.0,0.0,0.0,1458325.0
65.0,3.0,2.0,2.0,1.0,0.0,1.0,0.0,0.0,133331.0
55.0,3.0,3.0,4.0,1.0,0.0,1.0,0.0,0.0,202079.0
68.0,2.0,1.0,2.0,1.0,0.0,0.0,1.0,0.0,91658.0
120.0,4.0,3.0,5.0,1.0,0.0,1.0,0.0,0.0,541650.0
104.0,4.0,3.0,4.0,1.0,0.0,1.0,0.0,0.0,233350.0
71.0,4.0,3.0,3.0,1.0,0.0,0.0,1.0,0.0,206255.0
65.5,2.0,1.0,1.0,1.0,0.0,0.0,1.0,0.0,89571.0
50.0,4.0,4.0,4.0,1.0,0.0,0.0,1.0,0.0,202083.0
72.0,3.0,2.0,2.0,1.0,0.0,1.0,0.0,0.0,135420.0
40.0,3.0,3.0,3.0,1.0,0.0,0.0,1.0,0.0,137500.0
124.0,3.0,2.0,2.0,1.0,0.0,1.0,0.0,0.0,349990.0
130.0,2.0,1.0,1.0,1.0,0.0,1.0,0.0,0.0,241692.0
34.0,3.0,2.0,2.0,1.0,0.0,0.0,1.0,0.0,77081.0
45.0,3.0,3.0,3.0,1.0,0.0,0.0,1.0,0.0,120825.0
105.0,2.0,5.0,1.0,1.0,0.0,0.0,1.0,0.0,58319.0
70.0,3.0,3.0,4.0,1.0,0.0,1.0,0.0,0.0,152075.0
72.0,3.0,3.0,3.0,1.0,0.0,1.0,0.0,0.0,143760.0
75.0,3.0,2.0,2.0,1.0,0.0,0.0,1.0,0.0,135406.0
51.0,3.0,3.0,3.0,1.0,0.0,0.0,1.0,0.0,165835.0
72.0,2.0,2.0,2.0,1.0,0.0,1.0,0.0,0.0,133320.0
80.0,2.0,2.0,2.0,1.0,0.0,1.0,0.0,0.0,262500.0
110.0,2.0,2.0,2.0,1.0,0.0,1.0,0.0,0.0,139562.0
150.0,8.0,1.0,7.0,1.0,0.0,1.0,0.0,0.0,139562.0
80.0,3.0,2.0,2.0,1.0,0.0,1.0,0.0,0.0,191667.0
70.0,3.0,1.0,2.0,1.0,0.0,0.0,1.0,0.0,91671.0
81.0,3.0,2.0,2.0,1.0,0.0,0.0,0.0,1.0,254171.0
60.0,3.0,1.0,1.0,1.0,0.0,1.0,0.0,0.0,158325.0
96.0,3.0,1.0,2.0,1.0,0.0,0.0,1.0,0.0,137080.0
60.0,3.0,3.0,3.0,1.0,0.0,0.0,1.0,0.0,166250.0
81.0,3.0,1.0,2.0,1.0,0.0,1.0,0.0,0.0,149985.0
70.0,3.0,2.0,3.0,1.0,0.0,1.0,0.0,0.0,187512.0
76.0,2.0,2.0,2.0,1.0,0.0,1.0,0.0,0.0,174990.0
125.0,3.0,3.0,4.0,1.0,0.0,0.0,0.0,1.0,104167.0
120.0,5.0,4.0,5.0,1.0,0.0,1.0,0.0,0.0,562500.0
40.0,4.0,3.0,3.0,1.0,0.0,0.0,1.0,0.0,150000.0
51.0,3.0,3.0,3.0,1.0,0.0,0.0,1.0,0.0,172911.0
40.0,3.0,3.0,3.0,1.0,0.0,0.0,1.0,0.0,175000.0
67.5,4.0,3.0,3.0,1.0,0.0,0.0,1.0,0.0,166669.0
85.0,3.0,3.0,4.0,1.0,0.0,1.0,0.0,0.0,187496.0
49.0,4.0,3.0,4.0,1.0,0.0,1.0,0.0,0.0,104166.0
100.0,3.0,2.0,2.0,1.0,0.0,1.0,0.0,0.0,154167.0
46.0,4.0,3.0,3.0,1.0,0.0,1.0,0.0,0.0,62502.0
74.5,3.0,3.0,3.0,1.0,0.0,1.0,0.0,0.0,195842.0
88.6,4.0,3.0,4.0,1.0,0.0,1.0,0.0,0.0,387514.0
68.0,2.0,2.0,3.0,1.0,0.0,0.0,1.0,0.0,105825.0
42.0,2.0,2.0,2.0,1.0,0.0,0.0,1.0,0.0,81252.0
43.0,1.0,1.0,1.0,1.0,0.0,1.0,0.0,0.0,149998.0
81.0,2.0,1.0,1.0,1.0,0.0,0.0,1.0,0.0,69997.0
65.0,2.0,2.0,2.0,1.0,0.0,0.0,1.0,0.0,87073.0
43.0,3.0,3.0,2.0,1.0,0.0,0.0,1.0,0.0,122908.0
60.0,2.0,2.0,2.0,1.0,0.0,0.0,1.0,0.0,85425.0
82.0,3.0,3.0,4.0,1.0,0.0,1.0,0.0,0.0,272923.0
57.0,3.0,3.0,3.0,1.0,0.0,0.0,1.0,0.0,181260.0
52.0,2.0,2.0,2.0,1.0,0.0,0.0,1.0,0.0,162500.0
62.0,3.0,3.0,4.0,1.0,0.0,1.0,0.0,0.0,187498.0
71.0,4.0,4.0,5.0,1.0,0.0,1.0,0.0,0.0,353758.0
110.0,11.0,4.0,7.0,1.0,0.0,1.0,0.0,0.0,306258.0
78.0,3.0,3.0,2.0,1.0,0.0,0.0,1.0,0.0,135428.0
100.0,3.0,2.0,3.0,1.0,0.0,1.0,0.0,0.0,341667.0
122.0,3.0,3.0,3.0,1.0,0.0,1.0,0.0,0.0,195810.0
50.0,3.0,2.0,2.0,1.0,0.0,0.0,1.0,0.0,132917.0
78.0,3.0,3.0,4.0,1.0,0.0,0.0,1.0,0.0,202085.0
145.0,5.0,3.0,5.0,1.0,0.0,1.0,0.0,0.0,725000.0
30.0,2.0,2.0,2.0,1.0,0.0,0.0,1.0,0.0,32912.0
57.0,3.0,2.0,2.0,1.0,0.0,0.0,1.0,0.0,119581.0
105.0,4.0,3.0,4.0,1.0,0.0,1.0,0.0,0.0,237519.0
37.0,4.0,4.0,3.0,1.0,0.0,0.0,1.0,0.0,107500.0
35.0,3.0,3.0,3.0,1.0,0.0,0.0,1.0,0.0,97912.0
68.5,3.0,2.0,3.0,1.0,0.0,0.0,1.0,0.0,149986.0
86.0,3.0,2.0,3.0,1.0,0.0,0.0,1.0,0.0,179167.0
30.0,3.0,2.0,2.0,1.0,0.0,0.0,1.0,0.0,69588.0
51.3,3.0,3.0,4.0,1.0,0.0,0.0,1.0,0.0,160419.0
78.0,2.0,2.0,2.0,1.0,0.0,1.0,0.0,0.0,260422.0
48.0,1.0,1.0,1.0,1.0,0.0,1.0,0.0,0.0,106260.0
145.0,3.0,1.0,3.0,1.0,0.0,1.0,0.0,0.0,197925.0
100.0,3.0,2.0,2.0,1.0,0.0,1.0,0.0,0.0,187500.0
99.0,8.0,6.0,7.0,1.0,0.0,1.0,0.0,0.0,458329.0
64.0,2.0,2.0,2.0,1.0,0.0,1.0,0.0,0.0,183333.0
100.0,3.0,2.0,2.0,1.0,0.0,1.0,0.0,0.0,156667.0
120.0,3.0,2.0,2.0,1.0,0.0,1.0,0.0,0.0,158350.0
115.0,3.0,2.0,2.0,1.0,0.0,1.0,0.0,0.0,325019.0
27.0,2.0,2.0,1.0,1.0,0.0,0.0,1.0,0.0,66668.0
46.0,4.0,3.0,3.0,1.0,0.0,0.0,0.0,1.0,125005.0
90.0,3.0,3.0,4.0,1.0,0.0,1.0,0.0,0.0,206250.0
70.0,3.0,2.0,2.0,1.0,0.0,0.0,1.0,0.0,110425.0
75.0,3.0,3.0,3.0,1.0,0.0,1.0,0.0,0.0,208344.0
83.0,1.0,1.0,1.0,1.0,0.0,1.0,0.0,0.0,212515.0
92.0,4.0,2.0,2.0,1.0,0.0,0.0,1.0,0.0,145820.0
95.0,11.0,7.0,7.0,1.0,0.0,1.0,0.0,0.0,520838.0
85.0,3.0,3.0,3.0,1.0,0.0,1.0,0.0,0.0,210410.0
52.0,2.0,2.0,2.0,1.0,0.0,0.0,1.0,0.0,97912.0
65.0,2.0,1.0,1.0,1.0,0.0,0.0,1.0,0.0,68738.0
43.0,3.0,3.0,3.0,1.0,0.0,0.0,1.0,0.0,135414.0
51.0,3.0,3.0,3.0,1.0,0.0,0.0,1.0,0.0,172911.0
81.0,3.0,2.0,3.0,1.0,0.0,1.0,0.0,0.0,195818.0
85.0,4.0,3.0,4.0,1.0,0.0,1.0,0.0,0.0,229181.0
102.0,1.0,1.0,1.0,1.0,0.0,0.0,1.0,0.0,85425.0
75.0,3.0,2.0,2.0,1.0,0.0,0.0,1.0,0.0,137500.0
100.0,3.0,4.0,3.0,1.0,0.0,1.0,0.0,0.0,329167.0
80.0,2.0,1.0,1.0,1.0,0.0,0.0,1.0,0.0,30000.0
80.0,2.0,1.0,1.0,1.0,0.0,0.0,1.0,0.0,77100.0
80.0,2.0,1.0,2.0,1.0,0.0,0.0,1.0,0.0,28767.0
110.0,11.0,7.0,7.0,1.0,0.0,1.0,0.0,0.0,479188.0
75.0,3.0,2.0,2.0,1.0,0.0,1.0,0.0,0.0,193750.0
63.0,3.0,2.0,3.0,1.0,0.0,0.0,1.0,0.0,139571.0
42.0,4.0,3.0,3.0,1.0,0.0,0.0,1.0,0.0,149992.0
42.0,4.0,3.0,4.0,1.0,0.0,0.0,0.0,1.0,149992.0
68.0,3.0,1.0,2.0,1.0,0.0,0.0,1.0,0.0,89590.0
62.0,2.0,2.0,2.0,1.0,0.0,0.0,1.0,0.0,100001.0
120.0,4.0,4.0,4.0,1.0,0.0,0.0,0.0,1.0,562500.0
51.0,2.0,1.0,1.0,1.0,0.0,0.0,1.0,0.0,77074.0
40.0,3.0,2.0,2.0,1.0,0.0,0.0,1.0,0.0,104167.0
68.0,8.0,4.0,7.0,1.0,0.0,0.0,1.0,0.0,149997.0
75.0,2.0,2.0,2.0,1.0,0.0,1.0,0.0,0.0,154156.0
65.0,2.0,2.0,2.0,1.0,0.0,1.0,0.0,0.0,124990.0
100.0,8.0,3.0,7.0,1.0,0.0,1.0,0.0,0.0,245833.0
66.0,2.0,1.0,2.0,1.0,0.0,1.0,0.0,0.0,154165.0
48.0,3.0,3.0,3.0,1.0,0.0,0.0,1.0,0.0,122920.0
85.0,3.0,3.0,4.0,1.0,0.0,1.0,0.0,0.0,270831.0
78.0,3.0,3.0,3.0,1.0,0.0,1.0,0.0,0.0,210405.0
100.0,3.0,3.0,4.0,1.0,0.0,1.0,0.0,0.0,160417.0
57.0,3.0,2.0,3.0,1.0,0.0,0.0,1.0,0.0,124593.0
52.0,3.0,6.0,3.0,0.5,0.0,0.0,1.0,0.0,165837.0
84.0,2.0,1.0,2.0,1.0,0.0,1.0,0.0,0.0,160405.0
108.0,3.0,2.0,3.0,1.0,0.0,1.0,0.0,0.0,416655.0
68.0,3.0,2.0,2.0,1.0,0.0,1.0,0.0,0.0,237490.0
100.0,4.0,1.0,4.0,1.0,0.0,1.0,0.0,0.0,104167.0
107.0,5.0,2.0,5.0,1.0,0.0,1.0,0.0,0.0,124566.0
100.0,2.0,2.0,2.0,1.0,0.0,0.0,1.0,0.0,83333.0
100.0,1.0,2.0,2.0,1.0,0.0,1.0,0.0,0.0,187083.0
48.0,2.0,1.0,1.0,1.0,0.0,0.0,1.0,0.0,62080.0
55.0,3.0,3.0,2.0,1.0,0.0,0.0,1.0,0.0,137500.0
100.0,4.0,3.0,3.0,1.0,0.0,1.0,0.0,0.0,229167.0
63.0,3.0,3.0,4.0,1.0,0.0,0.0,1.0,0.0,179156.0
100.0,4.0,3.0,4.0,1.0,0.0,1.0,0.0,0.0,325000.0
33.6,4.0,4.0,4.0,1.0,0.0,0.0,1.0,0.0,122920.0
70.0,2.0,1.0,2.0,1.0,0.0,0.0,1.0,0.0,127079.0
77.0,2.0,2.0,2.0,1.0,0.0,0.0,1.0,0.0,106260.0
120.0,4.0,4.0,5.0,1.0,0.0,1.0,0.0,0.0,541650.0
42.0,3.0,3.0,3.0,1.0,0.0,0.0,1.0,0.0,137497.0
75.0,5.0,3.0,3.0,1.0,0.0,1.0,0.0,0.0,287500.0
120.0,4.0,4.0,4.0,1.0,0.0,0.0,0.0,1.0,562500.0
90.0,3.0,2.0,2.0,1.0,0.0,1.0,0.0,0.0,199988.0
74.0,3.0,3.0,3.0,1.0,0.0,1.0,0.0,0.0,191660.0
40.0,2.0,3.0,2.0,1.0,0.0,1.0,0.0,0.0,162500.0
72.0,3.0,3.0,4.0,1.0,0.0,1.0,0.0,0.0,189570.0
120.0,4.0,4.0,3.0,1.0,0.0,0.0,0.0,1.0,562500.0
63.0,3.0,2.0,3.0,1.0,0.0,1.0,0.0,0.0,266674.0
115.0,8.0,5.0,7.0,1.0,0.0,1.0,0.0,0.0,249981.0
70.0,6.0,7.0,6.0,1.0,0.0,1.0,0.0,0.0,399992.0
120.0,4.0,2.0,3.0,1.0,0.0,1.0,0.0,0.0,206250.0
81.0,4.0,3.0,3.0,1.0,0.0,1.0,0.0,0.0,283331.0
100.0,3.0,2.0,2.0,1.0,0.0,1.0,0.0,0.0,162500.0
90.0,3.0,3.0,2.0,1.0,0.0,1.0,0.0,0.0,245850.0
67.0,6.0,6.0,6.0,1.0,0.0,1.0,0.0,0.0,404178.0
100.0,3.0,3.0,3.0,1.0,0.0,1.0,0.0,0.0,187500.0
42.0,4.0,3.0,3.0,1.0,1.0,0.0,0.0,0.0,149992.0
80.0,2.0,1.0,2.0,1.0,0.0,0.0,1.0,0.0,74600.0
100.0,3.0,2.0,2.0,1.0,0.0,1.0,0.0,0.0,116667.0
79.0,3.0,3.0,4.0,1.0,0.0,0.0,1.0,0.0,202075.0
50.0,4.0,4.0,4.0,1.0,0.0,1.0,0.0,0.0,158333.0
60.0,3.0,2.0,2.0,0.5,0.0,1.0,0.0,0.0,118750.0
73.0,4.0,4.0,4.0,1.0,0.0,1.0,0.0,0.0,375007.0
81.0,3.0,2.0,2.0,1.0,0.0,1.0,0.0,0.0,149985.0
120.0,4.0,4.0,4.0,1.0,0.0,0.0,0.0,1.0,562500.0
120.0,4.0,4.0,4.0,1.0,0.0,0.0,0.0,1.0,562500.0
100.0,3.0,3.0,3.0,1.0,0.0,1.0,0.0,0.0,200000.0
48.0,3.0,3.0,3.0,1.0,0.0,0.0,1.0,0.0,124580.0
62.0,3.0,2.0,3.0,0.0,0.0,1.0,0.0,0.0,187498.0
100.0,3.0,2.0,2.0,1.0,0.0,1.0,0.0,0.0,116667.0
100.0,5.0,7.0,5.0,1.0,0.0,1.0,0.0,0.0,729167.0
40.0,3.0,3.0,3.0,1.0,0.0,0.0,1.0,0.0,112083.0
89.0,2.0,2.0,2.0,1.0,0.0,1.0,0.0,0.0,400018.0
100.0,3.0,2.0,3.0,1.0,0.0,1.0,0.0,0.0,247083.0
50.0,2.0,1.0,1.0,1.0,0.0,0.0,1.0,0.0,77083.0
74.0,3.0,3.0,4.0,1.0,0.0,1.0,0.0,0.0,206244.0
129.0,3.0,2.0,2.0,1.0,0.0,0.0,1.0,0.0,74981.0
82.0,3.0,2.0,2.0,1.0,0.0,1.0,0.0,0.0,195843.0
62.0,3.0,3.0,3.0,1.0,0.0,1.0,0.0,0.0,187447.0
120.0,4.0,4.0,3.0,1.0,0.0,1.0,0.0,0.0,562500.0
72.0,4.0,2.0,3.0,1.0,0.0,0.0,1.0,0.0,137490.0
45.0,2.0,3.0,3.0,1.0,0.0,0.0,1.0,0.0,129169.0
150.0,9.0,5.0,6.0,1.0,0.0,1.0,0.0,0.0,583312.0
70.0,3.0,2.0,2.0,1.0,0.0,1.0,0.0,0.0,137492.0
105.0,5.0,3.0,2.0,1.0,0.0,1.0,0.0,0.0,625013.0
56.0,1.0,1.0,1.0,1.0,0.0,1.0,0.0,0.0,162493.0
74.0,4.0,3.0,3.0,1.0,0.0,1.0,0.0,0.0,191660.0
42.0,4.0,3.0,3.0,1.0,1.0,0.0,0.0,0.0,149992.0
114.0,3.0,2.0,3.0,1.0,0.0,1.0,0.0,0.0,229188.0
80.0,3.0,2.0,3.0,0.0,0.0,1.0,0.0,0.0,125000.0
50.0,4.0,3.0,3.0,1.0,1.0,0.0,0.0,0.0,162500.0
50.0,4.0,3.0,3.0,1.0,1.0,0.0,0.0,0.0,162500.0
52.0,3.0,2.0,3.0,1.0,0.0,0.0,1.0,0.0,145838.0
40.0,2.0,2.0,2.0,0.0,0.0,0.0,1.0,0.0,164583.0
100.0,3.0,3.0,2.0,1.0,0.0,1.0,0.0,0.0,143750.0
100.0,3.0,2.0,2.0,1.0,0.0,1.0,0.0,0.0,229167.0
63.0,3.0,3.0,3.0,1.0,0.0,0.0,1.0,0.0,127076.0
80.0,3.0,2.0,3.0,1.0,0.0,1.0,0.0,0.0,125000.0
70.0,3.0,2.0,2.0,1.0,0.0,0.0,1.0,0.0,111679.0
76.6,3.0,2.0,2.0,1.0,0.0,0.0,1.0,0.0,170818.0
86.0,3.0,1.0,1.0,0.0,0.0,1.0,0.0,0.0,104168.0
100.0,3.0,2.0,2.0,1.0,0.0,1.0,0.0,0.0,129167.0
70.0,3.0,2.0,2.0,1.0,0.0,1.0,0.0,0.0,137492.0
62.0,3.0,3.0,3.0,0.0,0.0,1.0,0.0,0.0,187498.0
120.0,5.0,4.0,4.0,1.0,0.0,1.0,0.0,0.0,562500.0
90.0,4.0,3.0,4.0,1.0,0.0,0.0,1.0,0.0,270825.0
100.0,3.0,3.0,4.0,1.0,0.0,1.0,0.0,0.0,216667.0
68.0,3.0,2.0,3.0,0.5,0.0,0.0,1.0,0.0,103757.0
125.0,9.0,4.0,4.0,1.0,0.0,1.0,0.0,0.0,562500.0
80.0,3.0,2.0,2.0,1.0,0.0,1.0,0.0,0.0,229167.0
54.0,3.0,3.0,3.0,1.0,0.0,1.0,0.0,0.0,233325.0
75.0,2.0,1.0,2.0,1.0,0.0,1.0,0.0,0.0,137500.0
65.0,4.0,3.0,3.0,1.0,0.0,0.0,1.0,0.0,275004.0
77.0,3.0,3.0,3.0,1.0,0.0,1.0,0.0,0.0,212488.0
77.0,2.0,1.0,2.0,1.0,0.0,0.0,1.0,0.0,95833.0
56.0,2.0,1.0,1.0,1.0,0.0,1.0,0.0,0.0,154163.0
81.0,2.0,1.0,1.0,1.0,0.0,1.0,0.0,0.0,147926.0
85.0,3.0,2.0,2.0,1.0,0.0,0.0,1.0,0.0,275010.0
112.5,3.0,3.0,3.0,1.0,0.0,1.0,0.0,0.0,375000.0
27.0,2.0,2.0,1.0,1.0,0.0,0.0,1.0,0.0,66668.0
50.0,4.0,3.0,3.0,1.0,0.0,0.0,1.0,0.0,162500.0
100.0,2.0,2.0,2.0,1.0,0.0,1.0,0.0,0.0,141667.0
100.0,5.0,2.0,3.0,1.0,0.0,0.0,1.0,0.0,170833.0
61.0,3.0,3.0,4.0,1.0,0.0,1.0,0.0,0.0,62500.0
75.0,4.0,3.0,3.0,1.0,0.0,1.0,0.0,0.0,166656.0
35.0,2.0,2.0,2.0,1.0,0.0,0.0,1.0,0.0,81244.0
50.0,4.0,3.0,4.0,1.0,0.0,0.0,1.0,0.0,187500.0
42.0,4.0,3.0,3.0,1.0,1.0,0.0,0.0,0.0,149992.0
70.0,4.0,3.0,4.0,1.0,0.0,1.0,0.0,0.0,312083.0
46.0,2.0,2.0,2.0,1.0,0.0,0.0,1.0,0.0,101258.0
55.0,3.0,4.0,4.0,1.0,0.0,0.0,1.0,0.0,186885.0
50.0,3.0,2.0,3.0,1.0,0.0,0.0,1.0,0.0,118750.0
50.0,3.0,2.0,3.0,1.0,0.0,0.0,1.0,0.0,111667.0
50.0,4.0,3.0,3.0,1.0,1.0,0.0,0.0,0.0,162500.0
120.0,2.0,2.0,3.0,1.0,0.0,1.0,0.0,0.0,125000.0
70.0,3.0,2.0,3.0,1.0,0.0,0.0,1.0,0.0,120838.0
90.0,3.0,2.0,3.0,1.0,0.0,0.0,1.0,0.0,150000.0
91.0,5.0,3.0,5.0,1.0,0.0,1.0,0.0,0.0,408325.0
116.6,5.0,2.0,2.0,1.0,0.0,0.0,1.0,0.0,125005.0
112.0,2.0,1.0,1.0,1.0,0.0,0.0,1.0,0.0,97067.0
64.0,8.0,4.0,7.0,1.0,0.0,0.0,1.0,0.0,154160.0
62.0,4.0,3.0,4.0,1.0,0.0,0.0,1.0,0.0,143762.0
80.0,5.0,3.0,3.0,1.0,0.0,0.0,1.0,0.0,145833.0
75.0,3.0,2.0,2.0,1.0,0.0,0.0,1.0,0.0,102094.0
67.0,2.0,1.0,1.0,1.0,0.0,1.0,0.0,0.0,245834.0
43.0,1.0,1.0,1.0,1.0,0.0,1.0,0.0,0.0,149998.0
53.2,2.0,3.0,2.0,1.0,0.0,0.0,1.0,0.0,195842.0
100.0,4.0,3.0,4.0,1.0,0.0,1.0,0.0,0.0,220833.0
70.0,3.0,3.0,3.0,1.0,0.0,1.0,0.0,0.0,195417.0
100.0,2.0,2.0,2.0,1.0,0.0,1.0,0.0,0.0,79167.0
63.0,5.0,4.0,3.0,1.0,0.0,0.0,1.0,0.0,137498.0
61.0,3.0,3.0,3.0,1.0,0.0,1.0,0.0,0.0,154178.0
60.0,3.0,2.0,2.0,1.0,0.0,0.0,1.0,0.0,100000.0
105.0,5.0,3.0,3.0,1.0,0.0,1.0,0.0,0.0,241675.0
46.0,2.0,2.0,2.0,1.0,0.0,0.0,1.0,0.0,92920.0
60.0,2.0,2.0,1.0,1.0,0.0,0.0,1.0,0.0,91675.0
90.0,3.0,2.0,2.0,1.0,0.0,1.0,0.0,0.0,179175.0
100.0,5.0,2.0,3.0,1.0,0.0,0.0,1.0,0.0,170833.0
90.5,3.0,3.0,6.0,1.0,0.0,1.0,0.0,0.0,637497.0
55.0,3.0,2.0,2.0,1.0,0.0,0.0,1.0,0.0,139585.0
100.0,2.0,2.0,2.0,1.0,0.0,1.0,0.0,0.0,145833.0
75.0,3.0,2.0,2.0,1.0,0.0,0.0,1.0,0.0,106250.0
90.0,2.0,1.0,1.0,1.0,0.0,1.0,0.0,0.0,175012.0
150.0,2.0,3.0,2.0,1.0,0.0,1.0,0.0,0.0,241688.0
110.0,3.0,3.0,3.0,1.0,0.0,1.0,0.0,0.0,184158.0
61.7,2.0,2.0,2.0,1.0,0.0,0.0,1.0,0.0,100005.0
94.0,2.0,2.0,2.0,1.0,0.0,1.0,0.0,0.0,177072.0
72.6,5.0,3.0,3.0,1.0,0.0,1.0,0.0,0.0,316657.0
65.0,3.0,2.0,2.0,1.0,0.0,0.0,1.0,0.0,99992.0
77.0,3.0,2.0,2.0,1.0,0.0,0.0,1.0,0.0,97918.0
80.0,3.0,2.0,2.0,1.0,0.0,0.0,1.0,0.0,164600.0
43.0,3.0,3.0,3.0,1.0,0.0,0.0,1.0,0.0,122908.0
106.0,6.0,3.0,3.0,1.0,0.0,1.0,0.0,0.0,458317.0
150.0,4.0,2.0,2.0,1.0,0.0,1.0,0.0,0.0,500000.0
94.0,4.0,2.0,2.0,1.0,0.0,0.0,1.0,0.0,161249.0
46.3,2.0,2.0,1.0,1.0,0.0,0.0,1.0,0.0,95841.0
113.0,1.0,1.0,1.0,1.0,0.0,1.0,0.0,0.0,150008.0
60.0,3.0,2.0,2.0,1.0,0.0,0.0,1.0,0.0,122925.0
93.0,3.0,1.0,2.0,1.0,0.0,1.0,0.0,0.0,229168.0
90.0,3.0,2.0,3.0,1.0,0.0,1.0,0.0,0.0,164588.0
61.0,3.0,3.0,4.0,1.0,0.0,0.0,0.0,1.0,133336.0
70.0,5.0,4.0,5.0,1.0,0.0,0.0,1.0,0.0,170829.0
138.0,1.0,1.0,1.0,1.0,0.0,0.0,1.0,0.0,60432.0
110.0,6.0,3.0,4.0,1.0,0.0,1.0,0.0,0.0,645838.0
90.0,3.0,3.0,3.0,1.0,0.0,0.0,0.0,1.0,354150.0
82.0,3.0,3.0,3.0,1.0,0.0,1.0,0.0,0.0,408326.0
100.0,3.0,2.0,2.0,1.0,0.0,1.0,0.0,0.0,183333.0
50.0,3.0,3.0,4.0,1.0,0.0,1.0,0.0,0.0,160417.0
55.0,3.0,3.0,2.0,1.0,0.0,0.0,1.0,0.0,131244.0
60.0,2.0,1.0,1.0,1.0,0.0,0.0,1.0,0.0,78750.0
78.3,3.0,3.0,3.0,1.0,0.0,1.0,0.0,0.0,158329.0
137.0,2.0,2.0,2.0,1.0,0.0,1.0,0.0,0.0,187519.0
143.0,4.0,1.0,4.0,1.0,0.0,0.0,1.0,0.0,158313.0
75.0,2.0,1.0,1.0,1.0,0.0,1.0,0.0,0.0,208344.0
56.0,3.0,2.0,2.0,1.0,0.0,0.0,1.0,0.0,133327.0
105.0,7.0,5.0,7.0,1.0,0.0,1.0,0.0,0.0,962500.0
87.0,11.0,4.0,7.0,1.0,0.0,1.0,0.0,0.0,541684.0
100.0,7.0,3.0,3.0,1.0,0.0,1.0,0.0,0.0,331250.0
100.0,4.0,2.0,3.0,1.0,0.0,1.0,0.0,0.0,325000.0
136.0,11.0,7.0,7.0,1.0,0.0,1.0,0.0,0.0,537483.0
50.0,2.0,2.0,1.0,1.0,0.0,0.0,1.0,0.0,104167.0
84.0,3.0,2.0,2.0,1.0,0.0,0.0,1.0,0.0,77070.0
120.0,3.0,3.0,4.0,1.0,0.0,1.0,0.0,0.0,570850.0
100.0,3.0,3.0,3.0,1.0,0.0,1.0,0.0,0.0,341667.0
125.0,2.0,2.0,2.0,1.0,0.0,1.0,0.0,0.0,181250.0
85.5,3.0,2.0,2.0,1.0,0.0,1.0,0.0,0.0,206233.0
97.0,3.0,3.0,4.0,1.0,0.0,1.0,0.0,0.0,258343.0
42.3,2.0,2.0,2.0,1.0,0.0,0.0,1.0,0.0,108341.0
103.5,3.0,3.0,2.0,1.0,0.0,1.0,0.0,0.0,229166.0
74.0,1.0,1.0,1.0,1.0,0.0,0.0,1.0,0.0,99992.0
100.0,2.0,2.0,2.0,1.0,0.0,1.0,0.0,0.0,108333.0
150.0,2.0,1.0,1.0,1.0,0.0,0.0,1.0,0.0,87500.0
60.0,3.0,3.0,4.0,1.0,0.0,1.0,0.0,0.0,187500.0
41.7,3.0,3.0,4.0,1.0,0.0,0.0,1.0,0.0,120826.0
90.0,4.0,3.0,4.0,1.0,0.0,1.0,0.0,0.0,241650.0
76.0,2.0,2.0,1.0,1.0,0.0,0.0,1.0,0.0,106242.0
50.0,3.0,4.0,4.0,1.0,0.0,0.0,1.0,0.0,162500.0
98.0,1.0,1.0,1.0,1.0,0.0,1.0,0.0,0.0,106248.0
40.0,2.0,2.0,2.0,1.0,0.0,0.0,1.0,0.0,64583.0
85.0,2.0,2.0,2.0,1.0,1.0,0.0,0.0,0.0,491654.0
75.0,2.0,2.0,2.0,1.0,1.0,0.0,0.0,0.0,325000.0
100.0,11.0,7.0,7.0,1.0,0.0,1.0,0.0,0.0,620833.0
46.0,2.0,2.0,2.0,1.0,0.0,1.0,0.0,0.0,107908.0
78.5,4.0,3.0,3.0,1.0,0.0,1.0,0.0,0.0,154154.0
50.0,3.0,2.0,2.0,1.0,0.0,0.0,0.0,1.0,114583.0
75.0,3.0,3.0,3.0,1.0,0.0,1.0,0.0,0.0,19594.0
102.0,2.0,1.0,1.0,1.0,0.0,0.0,1.0,0.0,137488.0
66.0,2.0,2.0,2.0,1.0,0.0,1.0,0.0,0.0,122925.0
96.0,3.0,2.0,2.0,1.0,0.0,0.0,1.0,0.0,52920.0
53.4,4.0,3.0,3.0,1.0,0.0,0.0,1.0,0.0,304157.0
50.0,2.0,3.0,2.0,1.0,0.0,0.0,1.0,0.0,52083.0
100.0,1.0,1.0,2.0,1.0,0.0,0.0,1.0,0.0,120833.0
100.0,3.0,2.0,2.0,1.0,0.0,0.0,1.0,0.0,68750.0
116.4,6.0,3.0,3.0,1.0,0.0,1.0,0.0,0.0,312486.0
73.0,4.0,3.0,3.0,1.0,0.0,1.0,0.0,0.0,241660.0
75.0,2.0,3.0,3.0,1.0,0.0,1.0,0.0,0.0,270844.0
79.0,11.0,3.0,7.0,1.0,0.0,1.0,0.0,0.0,250002.0
25.0,1.0,2.0,2.0,1.0,0.0,0.0,1.0,0.0,58333.0
68.0,3.0,2.0,2.0,1.0,0.0,1.0,0.0,0.0,166657.0
90.0,3.0,2.0,4.0,1.0,0.0,0.0,1.0,0.0,191662.0
90.0,5.0,2.0,3.0,1.0,0.0,0.0,1.0,0.0,158325.0
48.0,5.0,3.0,3.0,1.0,0.0,0.0,1.0,0.0,113760.0
75.0,2.0,2.0,2.0,1.0,0.0,0.0,1.0,0.0,79156.0
30.0,3.0,3.0,3.0,1.0,0.0,0.0,0.0,1.0,88475.0
50.0,3.0,2.0,2.0,1.0,0.0,0.0,1.0,0.0,37500.0
100.0,1.0,1.0,1.0,1.0,0.0,1.0,0.0,0.0,106250.0
65.0,1.0,1.0,1.0,1.0,0.0,0.0,1.0,0.0,72908.0
81.5,3.0,1.0,2.0,1.0,0.0,1.0,0.0,0.0,299988.0
90.0,2.0,1.0,1.0,1.0,0.0,0.0,1.0,0.0,52088.0
80.0,3.0,3.0,2.0,1.0,0.0,1.0,0.0,0.0,270833.0
85.0,2.0,1.0,1.0,1.0,0.0,0.0,0.0,1.0,147900.0
45.0,3.0,4.0,3.0,1.0,0.0,0.0,1.0,0.0,137494.0
50.0,2.0,3.0,2.0,1.0,0.0,0.0,1.0,0.0,147917.0
100.0,3.0,2.0,2.0,1.0,0.0,1.0,0.0,0.0,143750.0
62.3,3.0,3.0,2.0,1.0,0.0,0.0,1.0,0.0,187497.0
70.0,2.0,2.0,2.0,1.0,0.0,1.0,0.0,0.0,258329.0
72.0,2.0,3.0,2.0,1.0,0.0,1.0,0.0,0.0,204180.0
114.3,3.0,2.0,3.0,1.0,0.0,1.0,0.0,0.0,237506.0
100.0,2.0,2.0,2.0,1.0,0.0,1.0,0.0,0.0,195833.0
100.0,5.0,2.0,5.0,1.0,0.0,1.0,0.0,0.0,1375000.0
90.0,3.0,2.0,2.0,1.0,0.0,0.0,1.0,0.0,162450.0
90.0,3.0,2.0,2.0,1.0,0.0,0.0,1.0,0.0,162488.0
52.1,2.0,2.0,2.0,1.0,0.0,0.0,1.0,0.0,100010.0
35.2,3.0,3.0,3.0,1.0,0.0,0.0,1.0,0.0,137500.0
80.0,3.0,3.0,3.0,1.0,0.0,0.0,1.0,0.0,133333.0
70.0,3.0,3.0,3.0,1.0,0.0,1.0,0.0,0.0,241675.0
70.0,2.0,2.0,2.0,1.0,0.0,0.0,0.0,1.0,158346.0
96.0,5.0,3.0,6.0,1.0,0.0,0.0,1.0,0.0,250000.0
56.0,3.0,2.0,2.0,1.0,0.0,1.0,0.0,0.0,202090.0
150.0,2.0,2.0,2.0,1.0,0.0,1.0,0.0,0.0,175000.0
50.0,4.0,4.0,4.0,1.0,0.0,0.0,1.0,0.0,147917.0
80.0,6.0,3.0,3.0,1.0,0.0,1.0,0.0,0.0,206267.0
100.0,2.0,2.0,2.0,1.0,0.0,0.0,1.0,0.0,168750.0
87.5,3.0,2.0,2.0,1.0,0.0,1.0,0.0,0.0,158339.0
98.0,4.0,3.0,4.0,1.0,0.0,1.0,0.0,0.0,624995.0
68.0,3.0,3.0,3.0,1.0,0.0,1.0,0.0,0.0,254178.0
78.9,2.0,2.0,3.0,1.0,0.0,0.0,1.0,0.0,193765.0
100.0,2.0,2.0,2.0,1.0,0.0,1.0,0.0,0.0,182917.0
105.0,11.0,5.0,7.0,1.0,0.0,0.0,1.0,0.0,370825.0
71.1,3.0,3.0,4.0,1.0,0.0,0.0,1.0,0.0,152095.0
80.0,3.0,2.0,2.0,1.0,0.0,1.0,0.0,0.0,83333.0
95.0,3.0,2.0,3.0,1.0,0.0,1.0,0.0,0.0,137512.0
115.0,11.0,3.0,7.0,1.0,0.0,1.0,0.0,0.0,229185.0
90.0,3.0,2.0,2.0,1.0,0.0,0.0,1.0,0.0,166650.0
24.0,4.0,4.0,3.0,1.0,0.0,0.0,1.0,0.0,245830.0
88.5,4.0,3.0,4.0,1.0,0.0,0.0,1.0,0.0,206242.0
87.0,2.0,1.0,1.0,1.0,0.0,0.0,1.0,0.0,87507.0
64.0,2.0,2.0,2.0,1.0,0.0,0.0,1.0,0.0,208347.0
100.0,4.0,3.0,4.0,1.0,0.0,1.0,0.0,0.0,195833.0
58.3,2.0,1.0,1.0,1.0,0.0,0.0,1.0,0.0,91677.0
100.0,3.0,1.0,2.0,1.0,0.0,1.0,0.0,0.0,139583.0
125.0,11.0,6.0,7.0,1.0,0.0,1.0,0.0,0.0,833333.0
70.0,3.0,3.0,3.0,1.0,0.0,1.0,0.0,0.0,158346.0
65.0,2.0,1.0,1.0,1.0,0.0,1.0,0.0,0.0,162500.0
